customer_id,campaign_name,campaign_date,responded
C02509,Q2 High-Value Win-Back,2025-04-15,0
C01032,Q2 High-Value Win-Back,2025-04-15,1
C00100,Q2 High-Value Win-Back,2025-04-15,0
C03132,Q2 High-Value Win-Back,2025-04-15,0
C02373,Q2 High-Value Win-Back,2025-04-15,0
C03950,Q2 High-Value Win-Back,2025-04-15,0
C03774,Q2 High-Value Win-Back,2025-04-15,1
C03118,Q2 High-Value Win-Back,2025-04-15,0
C02619,Q2 High-Value Win-Back,2025-04-15,1
C04173,Q2 High-Value Win-Back,2025-04-15,1
C02419,Q2 High-Value Win-Back,2025-04-15,1
C00909,Q2 High-Value Win-Back,2025-04-15,0
C02176,Q2 High-Value Win-Back,2025-04-15,1
C04446,Q2 High-Value Win-Back,2025-04-15,0
C00340,Q2 High-Value Win-Back,2025-04-15,0
C04382,Q2 High-Value Win-Back,2025-04-15,0
C00816,Q2 High-Value Win-Back,2025-04-15,0
C04458,Q2 High-Value Win-Back,2025-04-15,0
C01202,Q2 High-Value Win-Back,2025-04-15,0
C04391,Q2 High-Value Win-Back,2025-04-15,0
C01929,Q2 High-Value Win-Back,2025-04-15,0
C00115,Q2 High-Value Win-Back,2025-04-15,1
C01013,Q2 High-Value Win-Back,2025-04-15,0
C03606,Q2 High-Value Win-Back,2025-04-15,0
C02851,Q2 High-Value Win-Back,2025-04-15,0
C01943,Q2 High-Value Win-Back,2025-04-15,0
C00224,Q2 High-Value Win-Back,2025-04-15,0
C02220,Q2 High-Value Win-Back,2025-04-15,1
C03404,Q2 High-Value Win-Back,2025-04-15,0
C00715,Q2 High-Value Win-Back,2025-04-15,1
C01446,Q2 High-Value Win-Back,2025-04-15,0
C04432,Q2 High-Value Win-Back,2025-04-15,0
C03431,Q2 High-Value Win-Back,2025-04-15,0
C03001,Q2 High-Value Win-Back,2025-04-15,0
C01477,Q2 High-Value Win-Back,2025-04-15,0
C04239,Q2 High-Value Win-Back,2025-04-15,1
C03968,Q2 High-Value Win-Back,2025-04-15,0
C04158,Q2 High-Value Win-Back,2025-04-15,0
C00415,Q2 High-Value Win-Back,2025-04-15,0
C01787,Q2 High-Value Win-Back,2025-04-15,0
C02009,Q2 High-Value Win-Back,2025-04-15,0
C00082,Q2 High-Value Win-Back,2025-04-15,1
C00470,Q2 High-Value Win-Back,2025-04-15,0
C03145,Q2 High-Value Win-Back,2025-04-15,1
C02342,Q2 High-Value Win-Back,2025-04-15,0
C00257,Q2 High-Value Win-Back,2025-04-15,0
C01405,Q2 High-Value Win-Back,2025-04-15,0
C01340,Q2 High-Value Win-Back,2025-04-15,0
C00456,Q2 High-Value Win-Back,2025-04-15,0
C03632,Q2 High-Value Win-Back,2025-04-15,0
C02272,Q2 High-Value Win-Back,2025-04-15,0
C03251,Q2 High-Value Win-Back,2025-04-15,1
C01510,Q2 High-Value Win-Back,2025-04-15,0
C01924,Q2 High-Value Win-Back,2025-04-15,1
C02183,Q2 High-Value Win-Back,2025-04-15,0
C01664,Q2 High-Value Win-Back,2025-04-15,0
C01838,Q2 High-Value Win-Back,2025-04-15,0
C04470,Q2 High-Value Win-Back,2025-04-15,0
C01356,Q2 High-Value Win-Back,2025-04-15,0
C04059,Q2 High-Value Win-Back,2025-04-15,0
C02514,Q2 High-Value Win-Back,2025-04-15,0
C01876,Q2 High-Value Win-Back,2025-04-15,0
C03194,Q2 High-Value Win-Back,2025-04-15,0
C04293,Q2 High-Value Win-Back,2025-04-15,0
C02137,Q2 High-Value Win-Back,2025-04-15,1
C02166,Q2 High-Value Win-Back,2025-04-15,0
C03951,Q2 High-Value Win-Back,2025-04-15,0
C03030,Q2 High-Value Win-Back,2025-04-15,0
C03216,Q2 High-Value Win-Back,2025-04-15,0
C04249,Q2 High-Value Win-Back,2025-04-15,0
C01911,Q2 High-Value Win-Back,2025-04-15,0
C00266,Q2 High-Value Win-Back,2025-04-15,1
C00277,Q2 High-Value Win-Back,2025-04-15,1
C03195,Q2 High-Value Win-Back,2025-04-15,0
C00447,Q2 High-Value Win-Back,2025-04-15,0
C02303,Q2 High-Value Win-Back,2025-04-15,1
C03833,Q2 High-Value Win-Back,2025-04-15,1
C02157,Q2 High-Value Win-Back,2025-04-15,0
C03462,Q2 High-Value Win-Back,2025-04-15,0
C00056,Q2 High-Value Win-Back,2025-04-15,0
C02614,Q2 High-Value Win-Back,2025-04-15,0
C02911,Q2 High-Value Win-Back,2025-04-15,0
C02742,Q2 High-Value Win-Back,2025-04-15,1
C02505,Q2 High-Value Win-Back,2025-04-15,0
C00319,Q2 High-Value Win-Back,2025-04-15,0
C00865,Q2 High-Value Win-Back,2025-04-15,1
C01570,Q2 High-Value Win-Back,2025-04-15,0
C02775,Q2 High-Value Win-Back,2025-04-15,0
C03953,Q2 High-Value Win-Back,2025-04-15,1
C03888,Q2 High-Value Win-Back,2025-04-15,0
C00667,Q2 High-Value Win-Back,2025-04-15,1
C04338,Q2 High-Value Win-Back,2025-04-15,0
C03557,Q2 High-Value Win-Back,2025-04-15,0
C00535,Q2 High-Value Win-Back,2025-04-15,0
C03631,Q2 High-Value Win-Back,2025-04-15,0
C02906,Q2 High-Value Win-Back,2025-04-15,0
C00210,Q2 High-Value Win-Back,2025-04-15,0
C00336,Q2 High-Value Win-Back,2025-04-15,0
C04167,Q2 High-Value Win-Back,2025-04-15,1
C04006,Q2 High-Value Win-Back,2025-04-15,0
C00568,Q2 High-Value Win-Back,2025-04-15,0
C03067,Q2 High-Value Win-Back,2025-04-15,0
C01186,Q2 High-Value Win-Back,2025-04-15,1
C01705,Q2 High-Value Win-Back,2025-04-15,0
C00163,Q2 High-Value Win-Back,2025-04-15,1
C02575,Q2 High-Value Win-Back,2025-04-15,0
C03441,Q2 High-Value Win-Back,2025-04-15,0
C00145,Q2 High-Value Win-Back,2025-04-15,0
C02743,Q2 High-Value Win-Back,2025-04-15,0
C00527,Q2 High-Value Win-Back,2025-04-15,0
C02587,Q2 High-Value Win-Back,2025-04-15,0
C02362,Q2 High-Value Win-Back,2025-04-15,0
C01336,Q2 High-Value Win-Back,2025-04-15,0
C00290,Q2 High-Value Win-Back,2025-04-15,0
C01024,Q2 High-Value Win-Back,2025-04-15,0
C04331,Q2 High-Value Win-Back,2025-04-15,1
C03720,Q2 High-Value Win-Back,2025-04-15,1
C00550,Q2 High-Value Win-Back,2025-04-15,0
C04070,Q2 High-Value Win-Back,2025-04-15,0
C00022,Q2 High-Value Win-Back,2025-04-15,0
C00795,Q2 High-Value Win-Back,2025-04-15,0
C04102,Q2 High-Value Win-Back,2025-04-15,0
C00831,Q2 High-Value Win-Back,2025-04-15,0
C02437,Q2 High-Value Win-Back,2025-04-15,1
C02058,Q2 High-Value Win-Back,2025-04-15,0
C04499,Q2 High-Value Win-Back,2025-04-15,0
C01889,Q2 High-Value Win-Back,2025-04-15,1
C01167,Q2 High-Value Win-Back,2025-04-15,0
C00495,Q2 High-Value Win-Back,2025-04-15,0
C03575,Q2 High-Value Win-Back,2025-04-15,1
C02979,Q2 High-Value Win-Back,2025-04-15,0
C02557,Q2 High-Value Win-Back,2025-04-15,0
C00976,Q2 High-Value Win-Back,2025-04-15,0
C00919,Q2 High-Value Win-Back,2025-04-15,1
C02071,Q2 High-Value Win-Back,2025-04-15,0
C03589,Q2 High-Value Win-Back,2025-04-15,0
C02969,Q2 High-Value Win-Back,2025-04-15,0
C03074,Q2 High-Value Win-Back,2025-04-15,1
C04321,Q2 High-Value Win-Back,2025-04-15,0
C01959,Q2 High-Value Win-Back,2025-04-15,0
C01019,Q2 High-Value Win-Back,2025-04-15,1
C03816,Q2 High-Value Win-Back,2025-04-15,1
C02031,Q2 High-Value Win-Back,2025-04-15,0
C01897,Q2 High-Value Win-Back,2025-04-15,0
C03817,Q2 High-Value Win-Back,2025-04-15,1
C02194,Q2 High-Value Win-Back,2025-04-15,0
C02789,Q2 High-Value Win-Back,2025-04-15,0
C00298,Q2 High-Value Win-Back,2025-04-15,0
C00194,Q2 High-Value Win-Back,2025-04-15,0
C01037,Q2 High-Value Win-Back,2025-04-15,0
C04385,Q2 High-Value Win-Back,2025-04-15,0
C02150,Q2 High-Value Win-Back,2025-04-15,0
C02717,Q2 High-Value Win-Back,2025-04-15,1
C03503,Q2 High-Value Win-Back,2025-04-15,1
C00641,Q2 High-Value Win-Back,2025-04-15,0
C01383,Q2 High-Value Win-Back,2025-04-15,1
C03765,Q2 High-Value Win-Back,2025-04-15,0
C00920,Q2 High-Value Win-Back,2025-04-15,0
C02286,Q2 High-Value Win-Back,2025-04-15,0
C04015,Q2 High-Value Win-Back,2025-04-15,1
C01851,Q2 High-Value Win-Back,2025-04-15,0
C04279,Q2 High-Value Win-Back,2025-04-15,0
C04135,Q2 High-Value Win-Back,2025-04-15,0
C00439,Q2 High-Value Win-Back,2025-04-15,1
C00220,Q2 High-Value Win-Back,2025-04-15,0
C01768,Q2 High-Value Win-Back,2025-04-15,0
C00271,Q2 High-Value Win-Back,2025-04-15,0
C02937,Q2 High-Value Win-Back,2025-04-15,0
C01497,Q2 High-Value Win-Back,2025-04-15,0
C01685,Q2 High-Value Win-Back,2025-04-15,0
C00541,Q2 High-Value Win-Back,2025-04-15,1
C03693,Q2 High-Value Win-Back,2025-04-15,0
C03696,Q2 High-Value Win-Back,2025-04-15,0
C00569,Q2 High-Value Win-Back,2025-04-15,0
C03646,Q2 High-Value Win-Back,2025-04-15,0
C01208,Q2 High-Value Win-Back,2025-04-15,0
C03375,Q2 High-Value Win-Back,2025-04-15,1
C03574,Q2 High-Value Win-Back,2025-04-15,0
C00546,Q2 High-Value Win-Back,2025-04-15,0
C03648,Q2 High-Value Win-Back,2025-04-15,0
C02376,Q2 High-Value Win-Back,2025-04-15,1
C01660,Q2 High-Value Win-Back,2025-04-15,0
C03033,Q2 High-Value Win-Back,2025-04-15,0
C03102,Q2 High-Value Win-Back,2025-04-15,1
C02523,Q2 High-Value Win-Back,2025-04-15,0
C01314,Q2 High-Value Win-Back,2025-04-15,0
C02620,Q2 High-Value Win-Back,2025-04-15,0
C01245,Q2 High-Value Win-Back,2025-04-15,0
C00908,Q2 High-Value Win-Back,2025-04-15,0
C04060,Q2 High-Value Win-Back,2025-04-15,0
C02958,Q2 High-Value Win-Back,2025-04-15,0
C03155,Q2 High-Value Win-Back,2025-04-15,1
C00345,Q2 High-Value Win-Back,2025-04-15,0
C00995,Q2 High-Value Win-Back,2025-04-15,1
C03350,Q2 High-Value Win-Back,2025-04-15,0
C00773,Q2 High-Value Win-Back,2025-04-15,1
C02387,Q2 High-Value Win-Back,2025-04-15,0
C03399,Q2 High-Value Win-Back,2025-04-15,0
C02820,Q2 High-Value Win-Back,2025-04-15,0
C02544,Q2 High-Value Win-Back,2025-04-15,0
C03997,Q2 High-Value Win-Back,2025-04-15,0
C00353,Q2 High-Value Win-Back,2025-04-15,1
C03815,Q2 High-Value Win-Back,2025-04-15,0
C00514,Q2 High-Value Win-Back,2025-04-15,0
C03527,Q2 High-Value Win-Back,2025-04-15,0
C03286,Q2 High-Value Win-Back,2025-04-15,0
C03446,Q2 High-Value Win-Back,2025-04-15,0
C01582,Q2 High-Value Win-Back,2025-04-15,0
C03824,Q2 High-Value Win-Back,2025-04-15,1
C02358,Q2 High-Value Win-Back,2025-04-15,0
C02369,Q2 High-Value Win-Back,2025-04-15,1
C01086,Q2 High-Value Win-Back,2025-04-15,0
C01634,Q2 High-Value Win-Back,2025-04-15,0
C02348,Q2 High-Value Win-Back,2025-04-15,1
C02118,Q2 High-Value Win-Back,2025-04-15,1
C02139,Q2 High-Value Win-Back,2025-04-15,0
C01863,Q2 High-Value Win-Back,2025-04-15,0
C01708,Q2 High-Value Win-Back,2025-04-15,0
C00571,Q2 High-Value Win-Back,2025-04-15,0
C01355,Q2 High-Value Win-Back,2025-04-15,0
C03623,Q2 High-Value Win-Back,2025-04-15,0
C03753,Q2 High-Value Win-Back,2025-04-15,1
C04487,Q2 High-Value Win-Back,2025-04-15,0
C02163,Q2 High-Value Win-Back,2025-04-15,1
C01932,Q2 High-Value Win-Back,2025-04-15,0
C01263,Q2 High-Value Win-Back,2025-04-15,0
C03328,Q2 High-Value Win-Back,2025-04-15,0
C02450,Q2 High-Value Win-Back,2025-04-15,1
C00261,Q2 High-Value Win-Back,2025-04-15,0
C01860,Q2 High-Value Win-Back,2025-04-15,0
C01612,Q2 High-Value Win-Back,2025-04-15,1
C02761,Q2 High-Value Win-Back,2025-04-15,0
C00636,Q2 High-Value Win-Back,2025-04-15,1
C04332,Q2 High-Value Win-Back,2025-04-15,1
C01870,Q2 High-Value Win-Back,2025-04-15,0
C02326,Q2 High-Value Win-Back,2025-04-15,0
C03333,Q2 High-Value Win-Back,2025-04-15,0
C02007,Q2 High-Value Win-Back,2025-04-15,1
C02255,Q2 High-Value Win-Back,2025-04-15,1
C00014,Q2 High-Value Win-Back,2025-04-15,0
C02039,Q2 High-Value Win-Back,2025-04-15,0
C01428,Q2 High-Value Win-Back,2025-04-15,1
C02739,Q2 High-Value Win-Back,2025-04-15,0
C02938,Q2 High-Value Win-Back,2025-04-15,1
C02472,Q2 High-Value Win-Back,2025-04-15,1
C01930,Q2 High-Value Win-Back,2025-04-15,0
C00121,Q2 High-Value Win-Back,2025-04-15,0
C01844,Q2 High-Value Win-Back,2025-04-15,1
C02882,Q2 High-Value Win-Back,2025-04-15,0
C04329,Q2 High-Value Win-Back,2025-04-15,0
C01256,Q2 High-Value Win-Back,2025-04-15,1
C04427,Q2 High-Value Win-Back,2025-04-15,0
C00544,Q2 High-Value Win-Back,2025-04-15,0
C03565,Q2 High-Value Win-Back,2025-04-15,0
C03337,Q2 High-Value Win-Back,2025-04-15,1
C00525,Q2 High-Value Win-Back,2025-04-15,0
C03293,Q2 High-Value Win-Back,2025-04-15,0
C03323,Q2 High-Value Win-Back,2025-04-15,0
C01171,Q2 High-Value Win-Back,2025-04-15,0
C01712,Q2 High-Value Win-Back,2025-04-15,0
C00579,Q2 High-Value Win-Back,2025-04-15,1
C00468,Q2 High-Value Win-Back,2025-04-15,1
C02683,Q2 High-Value Win-Back,2025-04-15,0
C02212,Q2 High-Value Win-Back,2025-04-15,0
C01698,Q2 High-Value Win-Back,2025-04-15,0
C02558,Q2 High-Value Win-Back,2025-04-15,0
C03214,Q2 High-Value Win-Back,2025-04-15,0
C03121,Q2 High-Value Win-Back,2025-04-15,0
C00547,Q2 High-Value Win-Back,2025-04-15,0
C01160,Q2 High-Value Win-Back,2025-04-15,0
C03394,Q2 High-Value Win-Back,2025-04-15,0
C03190,Q2 High-Value Win-Back,2025-04-15,0
C01905,Q2 High-Value Win-Back,2025-04-15,0
C01533,Q2 High-Value Win-Back,2025-04-15,0
C03530,Q2 High-Value Win-Back,2025-04-15,1
C00563,Q2 High-Value Win-Back,2025-04-15,0
C03023,Q2 High-Value Win-Back,2025-04-15,0
C03636,Q2 High-Value Win-Back,2025-04-15,0
C04298,Q2 High-Value Win-Back,2025-04-15,0
C00083,Q2 High-Value Win-Back,2025-04-15,0
C04238,Q2 High-Value Win-Back,2025-04-15,1
C03420,Q2 High-Value Win-Back,2025-04-15,0
C01221,Q2 High-Value Win-Back,2025-04-15,0
C03265,Q2 High-Value Win-Back,2025-04-15,0
C02621,Q2 High-Value Win-Back,2025-04-15,0
C02967,Q2 High-Value Win-Back,2025-04-15,0
C02602,Q2 High-Value Win-Back,2025-04-15,0
C02774,Q2 High-Value Win-Back,2025-04-15,0
C02441,Q2 High-Value Win-Back,2025-04-15,0
C03982,Q2 High-Value Win-Back,2025-04-15,1
C03542,Q2 High-Value Win-Back,2025-04-15,0
C00660,Q2 High-Value Win-Back,2025-04-15,1
C01978,Q2 High-Value Win-Back,2025-04-15,0
C02288,Q2 High-Value Win-Back,2025-04-15,0
C00112,Q2 High-Value Win-Back,2025-04-15,0
C04488,Q2 High-Value Win-Back,2025-04-15,1
C03550,Q2 High-Value Win-Back,2025-04-15,1
C04315,Q2 High-Value Win-Back,2025-04-15,0
C02513,Q2 High-Value Win-Back,2025-04-15,1
C00169,Q2 High-Value Win-Back,2025-04-15,1
C02284,Q2 High-Value Win-Back,2025-04-15,0
C02213,Q2 High-Value Win-Back,2025-04-15,0
C04185,Q2 High-Value Win-Back,2025-04-15,1
C01921,Q2 High-Value Win-Back,2025-04-15,0
C01181,Q2 High-Value Win-Back,2025-04-15,0
C00003,Q2 High-Value Win-Back,2025-04-15,0
C00141,Q2 High-Value Win-Back,2025-04-15,0
C03485,Q2 High-Value Win-Back,2025-04-15,0
C00848,Q2 High-Value Win-Back,2025-04-15,0
C01518,Q2 High-Value Win-Back,2025-04-15,0
C03893,Q2 High-Value Win-Back,2025-04-15,0
C04402,Q2 High-Value Win-Back,2025-04-15,0
C02626,Q2 High-Value Win-Back,2025-04-15,0
C02744,Q2 High-Value Win-Back,2025-04-15,0
C03794,Q2 High-Value Win-Back,2025-04-15,0
C01237,Q2 High-Value Win-Back,2025-04-15,0
C02396,Q2 High-Value Win-Back,2025-04-15,0
C02608,Q2 High-Value Win-Back,2025-04-15,1
C02229,Q2 High-Value Win-Back,2025-04-15,0
C04242,Q2 High-Value Win-Back,2025-04-15,1
C01278,Q2 High-Value Win-Back,2025-04-15,1
C01192,Q2 High-Value Win-Back,2025-04-15,0
C00183,Q2 High-Value Win-Back,2025-04-15,0
C03797,Q2 High-Value Win-Back,2025-04-15,0
C03134,Q2 High-Value Win-Back,2025-04-15,0
C02228,Q2 High-Value Win-Back,2025-04-15,0
C02889,Q2 High-Value Win-Back,2025-04-15,0
C00316,Q2 High-Value Win-Back,2025-04-15,1
C01607,Q2 High-Value Win-Back,2025-04-15,1
C01398,Q2 High-Value Win-Back,2025-04-15,1
C03160,Q2 High-Value Win-Back,2025-04-15,0
C00595,Q2 High-Value Win-Back,2025-04-15,0
C03158,Q2 High-Value Win-Back,2025-04-15,0
C04148,Q2 High-Value Win-Back,2025-04-15,1
C03263,Q2 High-Value Win-Back,2025-04-15,0
C02467,Q2 High-Value Win-Back,2025-04-15,0
C01762,Q2 High-Value Win-Back,2025-04-15,0
C02993,Q2 High-Value Win-Back,2025-04-15,0
C00081,Q2 High-Value Win-Back,2025-04-15,1
C03795,Q2 High-Value Win-Back,2025-04-15,0
C01872,Q2 High-Value Win-Back,2025-04-15,0
C02152,Q2 High-Value Win-Back,2025-04-15,0
C01891,Q2 High-Value Win-Back,2025-04-15,0
C03347,Q2 High-Value Win-Back,2025-04-15,1
C03823,Q2 High-Value Win-Back,2025-04-15,0
C02197,Q2 High-Value Win-Back,2025-04-15,1
C00321,Q2 High-Value Win-Back,2025-04-15,0
C03282,Q2 High-Value Win-Back,2025-04-15,0
C04389,Q2 High-Value Win-Back,2025-04-15,1
C01447,Q2 High-Value Win-Back,2025-04-15,0
C03210,Q2 High-Value Win-Back,2025-04-15,0
C02125,Q2 High-Value Win-Back,2025-04-15,1
C01252,Q2 High-Value Win-Back,2025-04-15,0
C01207,Q2 High-Value Win-Back,2025-04-15,0
C03911,Q2 High-Value Win-Back,2025-04-15,0
C04018,Q2 High-Value Win-Back,2025-04-15,0
C01011,Q2 High-Value Win-Back,2025-04-15,1
C02588,Q2 High-Value Win-Back,2025-04-15,0
C01296,Q2 High-Value Win-Back,2025-04-15,0
C01654,Q2 High-Value Win-Back,2025-04-15,1
C03255,Q2 High-Value Win-Back,2025-04-15,0
C00859,Q2 High-Value Win-Back,2025-04-15,0
C03198,Q2 High-Value Win-Back,2025-04-15,0
C04486,Q2 High-Value Win-Back,2025-04-15,0
C01448,Q2 High-Value Win-Back,2025-04-15,0
C02290,Q2 High-Value Win-Back,2025-04-15,0
C02612,Q2 High-Value Win-Back,2025-04-15,0
C04435,Q2 High-Value Win-Back,2025-04-15,0
C00549,Q2 High-Value Win-Back,2025-04-15,0
C02745,Q2 High-Value Win-Back,2025-04-15,1
C02699,Q2 High-Value Win-Back,2025-04-15,0
C00005,Q2 High-Value Win-Back,2025-04-15,0
C00241,Q2 High-Value Win-Back,2025-04-15,0
C01423,Q2 High-Value Win-Back,2025-04-15,1
C04350,Q2 High-Value Win-Back,2025-04-15,0
C02048,Q2 High-Value Win-Back,2025-04-15,1
C00399,Q2 High-Value Win-Back,2025-04-15,1
C04036,Q2 High-Value Win-Back,2025-04-15,1
C00774,Q2 High-Value Win-Back,2025-04-15,1
C01830,Q2 High-Value Win-Back,2025-04-15,0
C03069,Q2 High-Value Win-Back,2025-04-15,0
C04444,Q2 High-Value Win-Back,2025-04-15,0
C00074,Q2 High-Value Win-Back,2025-04-15,0
C03654,Q2 High-Value Win-Back,2025-04-15,1
C01224,Q2 High-Value Win-Back,2025-04-15,0
C04377,Q2 High-Value Win-Back,2025-04-15,0
C03509,Q2 High-Value Win-Back,2025-04-15,0
C01652,Q2 High-Value Win-Back,2025-04-15,1
C04324,Q2 High-Value Win-Back,2025-04-15,0
C03669,Q2 High-Value Win-Back,2025-04-15,0
C02754,Q2 High-Value Win-Back,2025-04-15,1
C00389,Q2 High-Value Win-Back,2025-04-15,0
C01333,Q2 High-Value Win-Back,2025-04-15,0
C02724,Q2 High-Value Win-Back,2025-04-15,0
C01287,Q2 High-Value Win-Back,2025-04-15,1
C02825,Q2 High-Value Win-Back,2025-04-15,0
C02891,Q2 High-Value Win-Back,2025-04-15,0
C04088,Q2 High-Value Win-Back,2025-04-15,0
C03142,Q2 High-Value Win-Back,2025-04-15,0
C03878,Q2 High-Value Win-Back,2025-04-15,0
C02782,Q2 High-Value Win-Back,2025-04-15,0
C02232,Q2 High-Value Win-Back,2025-04-15,0
C03869,Q2 High-Value Win-Back,2025-04-15,0
C01427,Q2 High-Value Win-Back,2025-04-15,0
C00539,Q2 High-Value Win-Back,2025-04-15,0
C01817,Q2 High-Value Win-Back,2025-04-15,0
C03697,Q2 High-Value Win-Back,2025-04-15,0
C03322,Q2 High-Value Win-Back,2025-04-15,0
C00643,Q2 High-Value Win-Back,2025-04-15,0
C03522,Q2 High-Value Win-Back,2025-04-15,1
C03054,Q2 High-Value Win-Back,2025-04-15,0
C01476,Q2 High-Value Win-Back,2025-04-15,1
C03993,Q2 High-Value Win-Back,2025-04-15,0
C01250,Q2 High-Value Win-Back,2025-04-15,0
C01840,Q2 High-Value Win-Back,2025-04-15,0
C03656,Q2 High-Value Win-Back,2025-04-15,0
C02923,Q2 High-Value Win-Back,2025-04-15,0
C03471,Q2 High-Value Win-Back,2025-04-15,0
C00684,Q2 High-Value Win-Back,2025-04-15,1
C02010,Q2 High-Value Win-Back,2025-04-15,0
C01414,Q2 High-Value Win-Back,2025-04-15,0
C01767,Q2 High-Value Win-Back,2025-04-15,0
C02501,Q2 High-Value Win-Back,2025-04-15,0
C00034,Q2 High-Value Win-Back,2025-04-15,0
C04475,Q2 High-Value Win-Back,2025-04-15,1
C01816,Q2 High-Value Win-Back,2025-04-15,0
C00781,Q2 High-Value Win-Back,2025-04-15,0
C03766,Q2 High-Value Win-Back,2025-04-15,0
C01457,Q2 High-Value Win-Back,2025-04-15,0
C03080,Q2 High-Value Win-Back,2025-04-15,0
C00806,Q2 High-Value Win-Back,2025-04-15,1
C01852,Q2 High-Value Win-Back,2025-04-15,0
C01635,Q2 High-Value Win-Back,2025-04-15,0
C01295,Q2 High-Value Win-Back,2025-04-15,0
C02355,Q2 High-Value Win-Back,2025-04-15,1
C03722,Q2 High-Value Win-Back,2025-04-15,0
C00478,Q2 High-Value Win-Back,2025-04-15,0
C00717,Q2 High-Value Win-Back,2025-04-15,1
C01645,Q2 High-Value Win-Back,2025-04-15,0
C00944,Q2 High-Value Win-Back,2025-04-15,0
C03788,Q2 High-Value Win-Back,2025-04-15,0
C03331,Q2 High-Value Win-Back,2025-04-15,0
C02122,Q2 High-Value Win-Back,2025-04-15,0
C04093,Q2 High-Value Win-Back,2025-04-15,0
C02428,Q2 High-Value Win-Back,2025-04-15,0
C00225,Q2 High-Value Win-Back,2025-04-15,0
C01720,Q2 High-Value Win-Back,2025-04-15,1
C02447,Q2 High-Value Win-Back,2025-04-15,0
C00464,Q2 High-Value Win-Back,2025-04-15,0
C02235,Q2 High-Value Win-Back,2025-04-15,0
C03416,Q2 High-Value Win-Back,2025-04-15,0
C00635,Q2 High-Value Win-Back,2025-04-15,0
C00877,Q2 High-Value Win-Back,2025-04-15,0
C00561,Q2 High-Value Win-Back,2025-04-15,0
C00048,Q2 High-Value Win-Back,2025-04-15,1
C03702,Q2 High-Value Win-Back,2025-04-15,0
C00810,Q2 High-Value Win-Back,2025-04-15,0
C00238,Q2 High-Value Win-Back,2025-04-15,0
C02629,Q2 High-Value Win-Back,2025-04-15,0
C01281,Q2 High-Value Win-Back,2025-04-15,1
C04369,Q2 High-Value Win-Back,2025-04-15,0
C01922,Q2 High-Value Win-Back,2025-04-15,0
C01069,Q2 High-Value Win-Back,2025-04-15,0
C04014,Q2 High-Value Win-Back,2025-04-15,0
C02382,Q2 High-Value Win-Back,2025-04-15,1
C01079,Q2 High-Value Win-Back,2025-04-15,0
C02367,Q2 High-Value Win-Back,2025-04-15,1
C01987,Q2 High-Value Win-Back,2025-04-15,0
C02663,Q2 High-Value Win-Back,2025-04-15,0
C04433,Q2 High-Value Win-Back,2025-04-15,0
C00737,Q2 High-Value Win-Back,2025-04-15,1
C03918,Q2 High-Value Win-Back,2025-04-15,0
C01081,Q2 High-Value Win-Back,2025-04-15,1
C01274,Q2 High-Value Win-Back,2025-04-15,0
C03892,Q2 High-Value Win-Back,2025-04-15,0
C01367,Q2 High-Value Win-Back,2025-04-15,0
C00259,Q2 High-Value Win-Back,2025-04-15,0
C00588,Q2 High-Value Win-Back,2025-04-15,1
C02664,Q2 High-Value Win-Back,2025-04-15,0
C01280,Q2 High-Value Win-Back,2025-04-15,0
C03827,Q2 High-Value Win-Back,2025-04-15,0
C02583,Q2 High-Value Win-Back,2025-04-15,0
C02931,Q2 High-Value Win-Back,2025-04-15,1
C01282,Q2 High-Value Win-Back,2025-04-15,0
C00633,Q2 High-Value Win-Back,2025-04-15,1
C04394,Q2 High-Value Win-Back,2025-04-15,1
C02598,Q2 High-Value Win-Back,2025-04-15,1
C02834,Q2 High-Value Win-Back,2025-04-15,1
C03135,Q2 High-Value Win-Back,2025-04-15,0
C01028,Q2 High-Value Win-Back,2025-04-15,0
C02559,Q2 High-Value Win-Back,2025-04-15,0
C02305,Q2 High-Value Win-Back,2025-04-15,1
C02265,Q2 High-Value Win-Back,2025-04-15,0
C00961,Q2 High-Value Win-Back,2025-04-15,0
C01684,Q2 High-Value Win-Back,2025-04-15,0
C02226,Q2 High-Value Win-Back,2025-04-15,0
C03553,Q2 High-Value Win-Back,2025-04-15,0
C03778,Q2 High-Value Win-Back,2025-04-15,0
C03497,Q2 High-Value Win-Back,2025-04-15,0
C01301,Q2 High-Value Win-Back,2025-04-15,1
C01060,Q2 High-Value Win-Back,2025-04-15,0
C01542,Q2 High-Value Win-Back,2025-04-15,0
C00111,Q2 High-Value Win-Back,2025-04-15,0
C02562,Q2 High-Value Win-Back,2025-04-15,0
C03238,Q2 High-Value Win-Back,2025-04-15,0
C03400,Q2 High-Value Win-Back,2025-04-15,0
C03944,Q2 High-Value Win-Back,2025-04-15,0
C02277,Q2 High-Value Win-Back,2025-04-15,1
C01425,Q2 High-Value Win-Back,2025-04-15,0
C03064,Q2 High-Value Win-Back,2025-04-15,0
C02344,Q2 High-Value Win-Back,2025-04-15,0
C00065,Q2 High-Value Win-Back,2025-04-15,0
C03439,Q2 High-Value Win-Back,2025-04-15,0
C00178,Q2 High-Value Win-Back,2025-04-15,0
C01478,Q2 High-Value Win-Back,2025-04-15,1
C00747,Q2 High-Value Win-Back,2025-04-15,0
C03876,Q2 High-Value Win-Back,2025-04-15,0
C03109,Q2 High-Value Win-Back,2025-04-15,0
C00433,Q2 High-Value Win-Back,2025-04-15,1
C01315,Q2 High-Value Win-Back,2025-04-15,0
C00876,Q2 High-Value Win-Back,2025-04-15,1
C02540,Q2 High-Value Win-Back,2025-04-15,0
C03338,Q2 High-Value Win-Back,2025-04-15,0
C00986,Q2 High-Value Win-Back,2025-04-15,1
C00875,Q2 High-Value Win-Back,2025-04-15,0
C02949,Q2 High-Value Win-Back,2025-04-15,0
C00125,Q2 High-Value Win-Back,2025-04-15,0
C01970,Q2 High-Value Win-Back,2025-04-15,0
C03472,Q2 High-Value Win-Back,2025-04-15,0
C04284,Q2 High-Value Win-Back,2025-04-15,0
C00089,Q2 High-Value Win-Back,2025-04-15,1
C03897,Q2 High-Value Win-Back,2025-04-15,1
C01551,Q2 High-Value Win-Back,2025-04-15,0
C03779,Q2 High-Value Win-Back,2025-04-15,1
C01913,Q2 High-Value Win-Back,2025-04-15,1
C02448,Q2 High-Value Win-Back,2025-04-15,0
C04436,Q2 High-Value Win-Back,2025-04-15,0
C04221,Q2 High-Value Win-Back,2025-04-15,0
C03345,Q2 High-Value Win-Back,2025-04-15,0
C02846,Q2 High-Value Win-Back,2025-04-15,1
C02706,Q2 High-Value Win-Back,2025-04-15,1
C02828,Q2 High-Value Win-Back,2025-04-15,0
C02391,Q2 High-Value Win-Back,2025-04-15,0
C01549,Q2 High-Value Win-Back,2025-04-15,0
C03762,Q2 High-Value Win-Back,2025-04-15,0
C03407,Q2 High-Value Win-Back,2025-04-15,0
C04443,Q2 High-Value Win-Back,2025-04-15,0
C03483,Q2 High-Value Win-Back,2025-04-15,0
C02881,Q2 High-Value Win-Back,2025-04-15,1
C02892,Q2 High-Value Win-Back,2025-04-15,0
C00388,Q2 High-Value Win-Back,2025-04-15,0
C01888,Q2 High-Value Win-Back,2025-04-15,1
C04295,Q2 High-Value Win-Back,2025-04-15,0
C03692,Q2 High-Value Win-Back,2025-04-15,0
C02907,Q2 High-Value Win-Back,2025-04-15,1
C04478,Q2 High-Value Win-Back,2025-04-15,1
C01196,Q2 High-Value Win-Back,2025-04-15,0
C01927,Q2 High-Value Win-Back,2025-04-15,0
C03926,Q2 High-Value Win-Back,2025-04-15,1
C02209,Q2 High-Value Win-Back,2025-04-15,0
C04351,Q2 High-Value Win-Back,2025-04-15,1
C02062,Q2 High-Value Win-Back,2025-04-15,1
C00697,Q2 High-Value Win-Back,2025-04-15,0
C03203,Q2 High-Value Win-Back,2025-04-15,0
C00397,Q2 High-Value Win-Back,2025-04-15,0
C03937,Q2 High-Value Win-Back,2025-04-15,0
C01957,Q2 High-Value Win-Back,2025-04-15,1
C00811,Q2 High-Value Win-Back,2025-04-15,0
C01121,Q2 High-Value Win-Back,2025-04-15,0
C02712,Q2 High-Value Win-Back,2025-04-15,1
C04151,Q2 High-Value Win-Back,2025-04-15,1
C02778,Q2 High-Value Win-Back,2025-04-15,1
C03455,Q2 High-Value Win-Back,2025-04-15,0
C01277,Q2 High-Value Win-Back,2025-04-15,0
C03664,Q2 High-Value Win-Back,2025-04-15,0
C01627,Q2 High-Value Win-Back,2025-04-15,0
C03127,Q2 High-Value Win-Back,2025-04-15,0
C04203,Q2 High-Value Win-Back,2025-04-15,1
C01514,Q2 High-Value Win-Back,2025-04-15,0
C01691,Q2 High-Value Win-Back,2025-04-15,0
C00655,Q2 High-Value Win-Back,2025-04-15,1
C00226,Q2 High-Value Win-Back,2025-04-15,0
C02652,Q2 High-Value Win-Back,2025-04-15,0
C00978,Q2 High-Value Win-Back,2025-04-15,0
C02963,Q2 High-Value Win-Back,2025-04-15,1
C00808,Q2 High-Value Win-Back,2025-04-15,1
C02595,Q2 High-Value Win-Back,2025-04-15,0
C03987,Q2 High-Value Win-Back,2025-04-15,1
C00248,Q2 High-Value Win-Back,2025-04-15,1
C02609,Q2 High-Value Win-Back,2025-04-15,0
C01960,Q2 High-Value Win-Back,2025-04-15,0
C01759,Q2 High-Value Win-Back,2025-04-15,0
C01579,Q2 High-Value Win-Back,2025-04-15,0
C02845,Q2 High-Value Win-Back,2025-04-15,0
C01445,Q2 High-Value Win-Back,2025-04-15,0
C01875,Q2 High-Value Win-Back,2025-04-15,0
C03152,Q2 High-Value Win-Back,2025-04-15,0
C03445,Q2 High-Value Win-Back,2025-04-15,0
C02779,Q2 High-Value Win-Back,2025-04-15,0
C00531,Q2 High-Value Win-Back,2025-04-15,1
C00529,Q2 High-Value Win-Back,2025-04-15,0
C04049,Q2 High-Value Win-Back,2025-04-15,0
C01007,Q2 High-Value Win-Back,2025-04-15,0
C03100,Q2 High-Value Win-Back,2025-04-15,0
C03166,Q2 High-Value Win-Back,2025-04-15,0
C00566,Q2 High-Value Win-Back,2025-04-15,0
C01439,Q2 High-Value Win-Back,2025-04-15,0
C04452,Q2 High-Value Win-Back,2025-04-15,1
C00560,Q2 High-Value Win-Back,2025-04-15,0
C03590,Q2 High-Value Win-Back,2025-04-15,0
C02516,Q2 High-Value Win-Back,2025-04-15,0
C03738,Q2 High-Value Win-Back,2025-04-15,0
C01721,Q2 High-Value Win-Back,2025-04-15,1
C00499,Q2 High-Value Win-Back,2025-04-15,0
C00507,Q2 High-Value Win-Back,2025-04-15,0
C00143,Q2 High-Value Win-Back,2025-04-15,0
C03262,Q2 High-Value Win-Back,2025-04-15,0
C02275,Q2 High-Value Win-Back,2025-04-15,1
C02001,Q2 High-Value Win-Back,2025-04-15,1
C02440,Q2 High-Value Win-Back,2025-04-15,0
C02578,Q2 High-Value Win-Back,2025-04-15,0
C00166,Q2 High-Value Win-Back,2025-04-15,0
C04227,Q2 High-Value Win-Back,2025-04-15,0
C03532,Q2 High-Value Win-Back,2025-04-15,0
C01440,Q2 High-Value Win-Back,2025-04-15,0
C01330,Q2 High-Value Win-Back,2025-04-15,0
C03229,Q2 High-Value Win-Back,2025-04-15,0
C03812,Q2 High-Value Win-Back,2025-04-15,0
C01432,Q2 High-Value Win-Back,2025-04-15,0
C00752,Q2 High-Value Win-Back,2025-04-15,0
C03614,Q2 High-Value Win-Back,2025-04-15,0
C00733,Q2 High-Value Win-Back,2025-04-15,0
C01539,Q2 High-Value Win-Back,2025-04-15,0
C01106,Q2 High-Value Win-Back,2025-04-15,1
C01300,Q2 High-Value Win-Back,2025-04-15,0
C02084,Q2 High-Value Win-Back,2025-04-15,0
C04117,Q2 High-Value Win-Back,2025-04-15,0
C03981,Q2 High-Value Win-Back,2025-04-15,1
C00791,Q2 High-Value Win-Back,2025-04-15,0
C04039,Q2 High-Value Win-Back,2025-04-15,0
C00078,Q2 High-Value Win-Back,2025-04-15,1
C01557,Q2 High-Value Win-Back,2025-04-15,0
C01075,Q2 High-Value Win-Back,2025-04-15,1
C02415,Q2 High-Value Win-Back,2025-04-15,0
C02599,Q2 High-Value Win-Back,2025-04-15,0
C03354,Q2 High-Value Win-Back,2025-04-15,0
C01148,Q2 High-Value Win-Back,2025-04-15,0
C02753,Q2 High-Value Win-Back,2025-04-15,0
C02690,Q2 High-Value Win-Back,2025-04-15,1
C00510,Q2 High-Value Win-Back,2025-04-15,1
C02148,Q2 High-Value Win-Back,2025-04-15,0
C00057,Q2 High-Value Win-Back,2025-04-15,0
C02542,Q2 High-Value Win-Back,2025-04-15,0
C00176,Q2 High-Value Win-Back,2025-04-15,0
C02171,Q2 High-Value Win-Back,2025-04-15,0
C04328,Q2 High-Value Win-Back,2025-04-15,1
C03790,Q2 High-Value Win-Back,2025-04-15,1
C03162,Q2 High-Value Win-Back,2025-04-15,1
C02814,Q2 High-Value Win-Back,2025-04-15,0
C01848,Q2 High-Value Win-Back,2025-04-15,1
C00509,Q2 High-Value Win-Back,2025-04-15,1
C03704,Q2 High-Value Win-Back,2025-04-15,0
C02936,Q2 High-Value Win-Back,2025-04-15,1
C02365,Q2 High-Value Win-Back,2025-04-15,1
C02887,Q2 High-Value Win-Back,2025-04-15,0
C00649,Q2 High-Value Win-Back,2025-04-15,0
C03372,Q2 High-Value Win-Back,2025-04-15,0
C03785,Q2 High-Value Win-Back,2025-04-15,0
C01008,Q2 High-Value Win-Back,2025-04-15,0
C02177,Q2 High-Value Win-Back,2025-04-15,0
C03877,Q2 High-Value Win-Back,2025-04-15,0
C04463,Q2 High-Value Win-Back,2025-04-15,0
C02871,Q2 High-Value Win-Back,2025-04-15,1
C04199,Q2 High-Value Win-Back,2025-04-15,0
C03666,Q2 High-Value Win-Back,2025-04-15,0
C01716,Q2 High-Value Win-Back,2025-04-15,1
C01434,Q2 High-Value Win-Back,2025-04-15,0
C03005,Q2 High-Value Win-Back,2025-04-15,0
C00351,Q2 High-Value Win-Back,2025-04-15,0
C03807,Q2 High-Value Win-Back,2025-04-15,0
C00364,Q2 High-Value Win-Back,2025-04-15,1
C02839,Q2 High-Value Win-Back,2025-04-15,0
C04160,Q2 High-Value Win-Back,2025-04-15,0
C00542,Q2 High-Value Win-Back,2025-04-15,0
C00664,Q2 High-Value Win-Back,2025-04-15,1
C00799,Q2 High-Value Win-Back,2025-04-15,0
C03480,Q2 High-Value Win-Back,2025-04-15,1
C01906,Q2 High-Value Win-Back,2025-04-15,0
C03764,Q2 High-Value Win-Back,2025-04-15,0
C03349,Q2 High-Value Win-Back,2025-04-15,0
C04414,Q2 High-Value Win-Back,2025-04-15,0
C03047,Q2 High-Value Win-Back,2025-04-15,1
C04365,Q2 High-Value Win-Back,2025-04-15,1
C00648,Q2 High-Value Win-Back,2025-04-15,1
C02917,Q2 High-Value Win-Back,2025-04-15,1
C00971,Q2 High-Value Win-Back,2025-04-15,1
C01275,Q2 High-Value Win-Back,2025-04-15,0
C03584,Q2 High-Value Win-Back,2025-04-15,0
C01747,Q2 High-Value Win-Back,2025-04-15,0
C00870,Q2 High-Value Win-Back,2025-04-15,1
C03464,Q2 High-Value Win-Back,2025-04-15,0
C04459,Q2 High-Value Win-Back,2025-04-15,0
C00096,Q2 High-Value Win-Back,2025-04-15,0
C01788,Q2 High-Value Win-Back,2025-04-15,0
C04001,Q2 High-Value Win-Back,2025-04-15,0
C01494,Q2 High-Value Win-Back,2025-04-15,0
C03578,Q2 High-Value Win-Back,2025-04-15,0
C02977,Q2 High-Value Win-Back,2025-04-15,1
C00632,Q2 High-Value Win-Back,2025-04-15,1
C03716,Q2 High-Value Win-Back,2025-04-15,1
C02302,Q2 High-Value Win-Back,2025-04-15,0
C00543,Q2 High-Value Win-Back,2025-04-15,0
C00452,Q2 High-Value Win-Back,2025-04-15,0
C00727,Q2 High-Value Win-Back,2025-04-15,1
C02545,Q2 High-Value Win-Back,2025-04-15,0
C04217,Q2 High-Value Win-Back,2025-04-15,1
C03159,Q2 High-Value Win-Back,2025-04-15,0
C00182,Q2 High-Value Win-Back,2025-04-15,0
C00639,Q2 High-Value Win-Back,2025-04-15,0
C02808,Q2 High-Value Win-Back,2025-04-15,1
C00285,Q2 High-Value Win-Back,2025-04-15,0
C04134,Q2 High-Value Win-Back,2025-04-15,0
C02864,Q2 High-Value Win-Back,2025-04-15,1
C00442,Q2 High-Value Win-Back,2025-04-15,1
C03745,Q2 High-Value Win-Back,2025-04-15,1
C00629,Q2 High-Value Win-Back,2025-04-15,0
C03029,Q2 High-Value Win-Back,2025-04-15,1
C03136,Q2 High-Value Win-Back,2025-04-15,0
C03610,Q2 High-Value Win-Back,2025-04-15,0
C02280,Q2 High-Value Win-Back,2025-04-15,0
C00026,Q2 High-Value Win-Back,2025-04-15,0
C03292,Q2 High-Value Win-Back,2025-04-15,0
C00179,Q2 High-Value Win-Back,2025-04-15,0
C04493,Q2 High-Value Win-Back,2025-04-15,0
C04472,Q2 High-Value Win-Back,2025-04-15,0
C00186,Q2 High-Value Win-Back,2025-04-15,0
C03065,Q2 High-Value Win-Back,2025-04-15,1
C04154,Q2 High-Value Win-Back,2025-04-15,1
C03586,Q2 High-Value Win-Back,2025-04-15,0
C02077,Q2 High-Value Win-Back,2025-04-15,1
C03796,Q2 High-Value Win-Back,2025-04-15,1
C01602,Q2 High-Value Win-Back,2025-04-15,0
C03627,Q2 High-Value Win-Back,2025-04-15,0
C03660,Q2 High-Value Win-Back,2025-04-15,0
C02674,Q2 High-Value Win-Back,2025-04-15,0
C03691,Q2 High-Value Win-Back,2025-04-15,1
C00267,Q2 High-Value Win-Back,2025-04-15,0
C03984,Q2 High-Value Win-Back,2025-04-15,0
C01074,Q2 High-Value Win-Back,2025-04-15,0
C03104,Q2 High-Value Win-Back,2025-04-15,0
C01738,Q2 High-Value Win-Back,2025-04-15,0
C02944,Q2 High-Value Win-Back,2025-04-15,0
C00070,Q2 High-Value Win-Back,2025-04-15,1
C02079,Q2 High-Value Win-Back,2025-04-15,0
C03504,Q2 High-Value Win-Back,2025-04-15,1
C02634,Q2 High-Value Win-Back,2025-04-15,0
C01452,Q2 High-Value Win-Back,2025-04-15,0
C03995,Q2 High-Value Win-Back,2025-04-15,0
C01756,Q2 High-Value Win-Back,2025-04-15,0
C00401,Q2 High-Value Win-Back,2025-04-15,0
C00027,Q2 High-Value Win-Back,2025-04-15,0
C03200,Q2 High-Value Win-Back,2025-04-15,1
C00802,Q2 High-Value Win-Back,2025-04-15,0
C02817,Q2 High-Value Win-Back,2025-04-15,1
C03842,Q2 High-Value Win-Back,2025-04-15,1
C00594,Q2 High-Value Win-Back,2025-04-15,0
C01262,Q2 High-Value Win-Back,2025-04-15,0
C02756,Q2 High-Value Win-Back,2025-04-15,0
C01509,Q2 High-Value Win-Back,2025-04-15,0
C03538,Q2 High-Value Win-Back,2025-04-15,0
C00222,Q2 High-Value Win-Back,2025-04-15,0
C02527,Q2 High-Value Win-Back,2025-04-15,0
C00701,Q2 High-Value Win-Back,2025-04-15,0
C02081,Q2 High-Value Win-Back,2025-04-15,0
C00329,Q2 High-Value Win-Back,2025-04-15,1
C00318,Q2 High-Value Win-Back,2025-04-15,0
C00126,Q2 High-Value Win-Back,2025-04-15,0
C01384,Q2 High-Value Win-Back,2025-04-15,1
C04403,Q2 High-Value Win-Back,2025-04-15,0
C03463,Q2 High-Value Win-Back,2025-04-15,0
C03630,Q2 High-Value Win-Back,2025-04-15,1
C00750,Q2 High-Value Win-Back,2025-04-15,0
C00683,Q2 High-Value Win-Back,2025-04-15,0
C02072,Q2 High-Value Win-Back,2025-04-15,0
C02772,Q2 High-Value Win-Back,2025-04-15,0
C03848,Q2 High-Value Win-Back,2025-04-15,0
C03988,Q2 High-Value Win-Back,2025-04-15,0
C00251,Q2 High-Value Win-Back,2025-04-15,0
C01914,Q2 High-Value Win-Back,2025-04-15,1
C03094,Q2 High-Value Win-Back,2025-04-15,1
C00104,Q2 High-Value Win-Back,2025-04-15,0
C03373,Q2 High-Value Win-Back,2025-04-15,0
C02656,Q2 High-Value Win-Back,2025-04-15,0
C00981,Q2 High-Value Win-Back,2025-04-15,0
C00601,Q2 High-Value Win-Back,2025-04-15,0
C01726,Q2 High-Value Win-Back,2025-04-15,0
C01094,Q2 High-Value Win-Back,2025-04-15,1
C03348,Q2 High-Value Win-Back,2025-04-15,0
C03870,Q2 High-Value Win-Back,2025-04-15,0
C03793,Q2 High-Value Win-Back,2025-04-15,0
C03178,Q2 High-Value Win-Back,2025-04-15,1
C02929,Q2 High-Value Win-Back,2025-04-15,0
C02842,Q2 High-Value Win-Back,2025-04-15,0
C01438,Q2 High-Value Win-Back,2025-04-15,0
C02788,Q2 High-Value Win-Back,2025-04-15,0
C02230,Q2 High-Value Win-Back,2025-04-15,1
C01485,Q2 High-Value Win-Back,2025-04-15,0
C01994,Q2 High-Value Win-Back,2025-04-15,1
C03115,Q2 High-Value Win-Back,2025-04-15,0
C03296,Q2 High-Value Win-Back,2025-04-15,0
C03767,Q2 High-Value Win-Back,2025-04-15,0
C00050,Q2 High-Value Win-Back,2025-04-15,0
C00695,Q2 High-Value Win-Back,2025-04-15,1
C04127,Q2 High-Value Win-Back,2025-04-15,1
C03474,Q2 High-Value Win-Back,2025-04-15,0
C01966,Q2 High-Value Win-Back,2025-04-15,0
C04454,Q2 High-Value Win-Back,2025-04-15,0
C00033,Q2 High-Value Win-Back,2025-04-15,0
C03572,Q2 High-Value Win-Back,2025-04-15,0
C01571,Q2 High-Value Win-Back,2025-04-15,0
C03657,Q2 High-Value Win-Back,2025-04-15,0
C02927,Q2 High-Value Win-Back,2025-04-15,0
C03770,Q2 High-Value Win-Back,2025-04-15,0
C01371,Q2 High-Value Win-Back,2025-04-15,0
C01508,Q2 High-Value Win-Back,2025-04-15,0
C01131,Q2 High-Value Win-Back,2025-04-15,0
C04078,Q2 High-Value Win-Back,2025-04-15,0
C03362,Q2 High-Value Win-Back,2025-04-15,0
C02549,Q2 High-Value Win-Back,2025-04-15,0
C00355,Q2 High-Value Win-Back,2025-04-15,0
C00310,Q2 High-Value Win-Back,2025-04-15,0
C00942,Q2 High-Value Win-Back,2025-04-15,0
C00350,Q2 High-Value Win-Back,2025-04-15,1
C00893,Q2 High-Value Win-Back,2025-04-15,1
C04419,Q2 High-Value Win-Back,2025-04-15,0
C03491,Q2 High-Value Win-Back,2025-04-15,0
C02511,Q2 High-Value Win-Back,2025-04-15,1
C04283,Q2 High-Value Win-Back,2025-04-15,0
C00753,Q2 High-Value Win-Back,2025-04-15,0
C03687,Q2 High-Value Win-Back,2025-04-15,1
C03457,Q2 High-Value Win-Back,2025-04-15,0
C03479,Q2 High-Value Win-Back,2025-04-15,0
C03561,Q2 High-Value Win-Back,2025-04-15,0
C00728,Q2 High-Value Win-Back,2025-04-15,0
C00732,Q2 High-Value Win-Back,2025-04-15,0
C04314,Q2 High-Value Win-Back,2025-04-15,0
C02872,Q2 High-Value Win-Back,2025-04-15,0
C03090,Q2 High-Value Win-Back,2025-04-15,1
C02496,Q2 High-Value Win-Back,2025-04-15,0
C01217,Q2 High-Value Win-Back,2025-04-15,0
C00369,Q2 High-Value Win-Back,2025-04-15,0
C01229,Q2 High-Value Win-Back,2025-04-15,0
C03277,Q2 High-Value Win-Back,2025-04-15,1
C01573,Q2 High-Value Win-Back,2025-04-15,0
C01099,Q2 High-Value Win-Back,2025-04-15,0
C00734,Q2 High-Value Win-Back,2025-04-15,0
C03791,Q2 High-Value Win-Back,2025-04-15,1
C00871,Q2 High-Value Win-Back,2025-04-15,0
C01107,Q2 High-Value Win-Back,2025-04-15,0
C00160,Q2 High-Value Win-Back,2025-04-15,1
C01311,Q2 High-Value Win-Back,2025-04-15,0
C01249,Q2 High-Value Win-Back,2025-04-15,0
C03862,Q2 High-Value Win-Back,2025-04-15,0
C01890,Q2 High-Value Win-Back,2025-04-15,0
C02124,Q2 High-Value Win-Back,2025-04-15,0
C00618,Q2 High-Value Win-Back,2025-04-15,0
C02765,Q2 High-Value Win-Back,2025-04-15,0
C01484,Q2 High-Value Win-Back,2025-04-15,0
C03858,Q2 High-Value Win-Back,2025-04-15,0
C00113,Q2 High-Value Win-Back,2025-04-15,1
C01083,Q2 High-Value Win-Back,2025-04-15,0
C04004,Q2 High-Value Win-Back,2025-04-15,0
C03835,Q2 High-Value Win-Back,2025-04-15,0
C02705,Q2 High-Value Win-Back,2025-04-15,0
C00884,Q2 High-Value Win-Back,2025-04-15,0
C00949,Q2 High-Value Win-Back,2025-04-15,0
C01248,Q2 High-Value Win-Back,2025-04-15,0
C00386,Q2 High-Value Win-Back,2025-04-15,0
C03925,Q2 High-Value Win-Back,2025-04-15,0
C00726,Q2 High-Value Win-Back,2025-04-15,0
C04449,Q2 High-Value Win-Back,2025-04-15,0
C03806,Q2 High-Value Win-Back,2025-04-15,0
C03932,Q2 High-Value Win-Back,2025-04-15,0
C00972,Q2 High-Value Win-Back,2025-04-15,0
C03843,Q2 High-Value Win-Back,2025-04-15,0
C03747,Q2 High-Value Win-Back,2025-04-15,0
C01588,Q2 High-Value Win-Back,2025-04-15,0
C01266,Q2 High-Value Win-Back,2025-04-15,1
C00553,Q2 High-Value Win-Back,2025-04-15,0
C01513,Q2 High-Value Win-Back,2025-04-15,0
C01122,Q2 High-Value Win-Back,2025-04-15,0
C00024,Q2 High-Value Win-Back,2025-04-15,0
C01279,Q2 High-Value Win-Back,2025-04-15,0
C01453,Q2 High-Value Win-Back,2025-04-15,0
C01751,Q2 High-Value Win-Back,2025-04-15,0
C02913,Q2 High-Value Win-Back,2025-04-15,0
C04233,Q2 High-Value Win-Back,2025-04-15,0
C00696,Q2 High-Value Win-Back,2025-04-15,0
C00273,Q2 High-Value Win-Back,2025-04-15,0
C04370,Q2 High-Value Win-Back,2025-04-15,0
C01505,Q2 High-Value Win-Back,2025-04-15,0
C04142,Q2 High-Value Win-Back,2025-04-15,0
C01795,Q2 High-Value Win-Back,2025-04-15,0
C00496,Q2 High-Value Win-Back,2025-04-15,0
C00268,Q2 High-Value Win-Back,2025-04-15,0
C03676,Q2 High-Value Win-Back,2025-04-15,0
C02460,Q2 High-Value Win-Back,2025-04-15,0
C02982,Q2 High-Value Win-Back,2025-04-15,0
C04464,Q2 High-Value Win-Back,2025-04-15,0
C03387,Q2 High-Value Win-Back,2025-04-15,0
C02239,Q2 High-Value Win-Back,2025-04-15,0
C00513,Q2 High-Value Win-Back,2025-04-15,0
C03587,Q2 High-Value Win-Back,2025-04-15,0
C03010,Q2 High-Value Win-Back,2025-04-15,0
C02716,Q2 High-Value Win-Back,2025-04-15,1
C00625,Q2 High-Value Win-Back,2025-04-15,0
C01841,Q2 High-Value Win-Back,2025-04-15,0
C03828,Q2 High-Value Win-Back,2025-04-15,1
C02468,Q2 High-Value Win-Back,2025-04-15,0
C02190,Q2 High-Value Win-Back,2025-04-15,0
C02759,Q2 High-Value Win-Back,2025-04-15,0
C01534,Q2 High-Value Win-Back,2025-04-15,1
C01104,Q2 High-Value Win-Back,2025-04-15,1
C01335,Q2 High-Value Win-Back,2025-04-15,0
C00584,Q2 High-Value Win-Back,2025-04-15,0
C04294,Q2 High-Value Win-Back,2025-04-15,0
C03998,Q2 High-Value Win-Back,2025-04-15,0
C01527,Q2 High-Value Win-Back,2025-04-15,1
C02141,Q2 High-Value Win-Back,2025-04-15,0
C01308,Q2 High-Value Win-Back,2025-04-15,0
C00426,Q2 High-Value Win-Back,2025-04-15,1
C02135,Q2 High-Value Win-Back,2025-04-15,0
C00829,Q2 High-Value Win-Back,2025-04-15,0
C03959,Q2 High-Value Win-Back,2025-04-15,0
C00624,Q2 High-Value Win-Back,2025-04-15,0
C02132,Q2 High-Value Win-Back,2025-04-15,0
C02174,Q2 High-Value Win-Back,2025-04-15,0
C03343,Q2 High-Value Win-Back,2025-04-15,0
C01289,Q2 High-Value Win-Back,2025-04-15,0
C03896,Q2 High-Value Win-Back,2025-04-15,0
C02740,Q2 High-Value Win-Back,2025-04-15,1
C01955,Q2 High-Value Win-Back,2025-04-15,0
C01458,Q2 High-Value Win-Back,2025-04-15,0
C01535,Q2 High-Value Win-Back,2025-04-15,0
C03570,Q2 High-Value Win-Back,2025-04-15,1
C02317,Q2 High-Value Win-Back,2025-04-15,1
C01740,Q2 High-Value Win-Back,2025-04-15,0
C00922,Q2 High-Value Win-Back,2025-04-15,0
C00807,Q2 High-Value Win-Back,2025-04-15,0
C03777,Q2 High-Value Win-Back,2025-04-15,0
C01777,Q2 High-Value Win-Back,2025-04-15,0
C01566,Q2 High-Value Win-Back,2025-04-15,0
C00567,Q2 High-Value Win-Back,2025-04-15,0
C02264,Q2 High-Value Win-Back,2025-04-15,1
C01385,Q2 High-Value Win-Back,2025-04-15,0
C04012,Q2 High-Value Win-Back,2025-04-15,1
C04426,Q2 High-Value Win-Back,2025-04-15,0
C04251,Q2 High-Value Win-Back,2025-04-15,0
C04216,Q2 High-Value Win-Back,2025-04-15,1
C01608,Q2 High-Value Win-Back,2025-04-15,1
C04016,Q2 High-Value Win-Back,2025-04-15,0
C01151,Q2 High-Value Win-Back,2025-04-15,0
C01305,Q2 High-Value Win-Back,2025-04-15,0
C01404,Q2 High-Value Win-Back,2025-04-15,0
C02781,Q2 High-Value Win-Back,2025-04-15,0
C00508,Q2 High-Value Win-Back,2025-04-15,0
C03846,Q2 High-Value Win-Back,2025-04-15,0
C01687,Q2 High-Value Win-Back,2025-04-15,0
C04388,Q2 High-Value Win-Back,2025-04-15,0
C04047,Q2 High-Value Win-Back,2025-04-15,1
C00874,Q2 High-Value Win-Back,2025-04-15,0
C00739,Q2 High-Value Win-Back,2025-04-15,0
C01175,Q2 High-Value Win-Back,2025-04-15,0
C02108,Q2 High-Value Win-Back,2025-04-15,0
C02800,Q2 High-Value Win-Back,2025-04-15,0
C03146,Q2 High-Value Win-Back,2025-04-15,0
C03712,Q2 High-Value Win-Back,2025-04-15,0
C02172,Q2 High-Value Win-Back,2025-04-15,0
C02051,Q2 High-Value Win-Back,2025-04-15,0
C00040,Q2 High-Value Win-Back,2025-04-15,0
C02481,Q2 High-Value Win-Back,2025-04-15,0
C02865,Q2 High-Value Win-Back,2025-04-15,1
C03357,Q2 High-Value Win-Back,2025-04-15,0
C00718,Q2 High-Value Win-Back,2025-04-15,0
C00860,Q2 High-Value Win-Back,2025-04-15,0
C04022,Q2 High-Value Win-Back,2025-04-15,0
C01577,Q2 High-Value Win-Back,2025-04-15,0
C01580,Q2 High-Value Win-Back,2025-04-15,0
C01338,Q2 High-Value Win-Back,2025-04-15,0
C03780,Q2 High-Value Win-Back,2025-04-15,0
C01021,Q2 High-Value Win-Back,2025-04-15,0
C02736,Q2 High-Value Win-Back,2025-04-15,0
C03073,Q2 High-Value Win-Back,2025-04-15,1
C03081,Q2 High-Value Win-Back,2025-04-15,0
C02094,Q2 High-Value Win-Back,2025-04-15,0
C04033,Q2 High-Value Win-Back,2025-04-15,1
C00803,Q2 High-Value Win-Back,2025-04-15,0
C01392,Q2 High-Value Win-Back,2025-04-15,0
C01666,Q2 High-Value Win-Back,2025-04-15,0
C03803,Q2 High-Value Win-Back,2025-04-15,0
C02291,Q2 High-Value Win-Back,2025-04-15,1
C01883,Q2 High-Value Win-Back,2025-04-15,0
C00904,Q2 High-Value Win-Back,2025-04-15,0
C01615,Q2 High-Value Win-Back,2025-04-15,0
C00322,Q2 High-Value Win-Back,2025-04-15,0
C01950,Q2 High-Value Win-Back,2025-04-15,0
C04494,Q2 High-Value Win-Back,2025-04-15,0
C00150,Q2 High-Value Win-Back,2025-04-15,1
C03123,Q2 High-Value Win-Back,2025-04-15,0
C03433,Q2 High-Value Win-Back,2025-04-15,0
C00586,Q2 High-Value Win-Back,2025-04-15,0
C03112,Q2 High-Value Win-Back,2025-04-15,0
C04465,Q2 High-Value Win-Back,2025-04-15,0
C03996,Q2 High-Value Win-Back,2025-04-15,1
C02874,Q2 High-Value Win-Back,2025-04-15,1
C00654,Q2 High-Value Win-Back,2025-04-15,0
C02233,Q2 High-Value Win-Back,2025-04-15,0
C04081,Q2 High-Value Win-Back,2025-04-15,0
C02430,Q2 High-Value Win-Back,2025-04-15,1
C02004,Q2 High-Value Win-Back,2025-04-15,0
C01829,Q2 High-Value Win-Back,2025-04-15,0
C03490,Q2 High-Value Win-Back,2025-04-15,1
C00921,Q2 High-Value Win-Back,2025-04-15,1
C02487,Q2 High-Value Win-Back,2025-04-15,0
C03233,Q2 High-Value Win-Back,2025-04-15,0
C03621,Q2 High-Value Win-Back,2025-04-15,0
C02809,Q2 High-Value Win-Back,2025-04-15,0
C00018,Q2 High-Value Win-Back,2025-04-15,0
C04345,Q2 High-Value Win-Back,2025-04-15,0
C03763,Q2 High-Value Win-Back,2025-04-15,0
C01997,Q2 High-Value Win-Back,2025-04-15,0
C02924,Q2 High-Value Win-Back,2025-04-15,0
C02181,Q2 High-Value Win-Back,2025-04-15,0
C03430,Q2 High-Value Win-Back,2025-04-15,0
C02445,Q2 High-Value Win-Back,2025-04-15,1
C03986,Q2 High-Value Win-Back,2025-04-15,0
C01519,Q2 High-Value Win-Back,2025-04-15,0
C00139,Q2 High-Value Win-Back,2025-04-15,0
C03044,Q2 High-Value Win-Back,2025-04-15,0
C04222,Q2 High-Value Win-Back,2025-04-15,0
C00207,Q2 High-Value Win-Back,2025-04-15,0
C04194,Q2 High-Value Win-Back,2025-04-15,0
C03999,Q2 High-Value Win-Back,2025-04-15,0
C04109,Q2 High-Value Win-Back,2025-04-15,0
C01806,Q2 High-Value Win-Back,2025-04-15,0
C02625,Q2 High-Value Win-Back,2025-04-15,0
C01312,Q2 High-Value Win-Back,2025-04-15,1
C01159,Q2 High-Value Win-Back,2025-04-15,0
C03191,Q2 High-Value Win-Back,2025-04-15,0
C01166,Q2 High-Value Win-Back,2025-04-15,1
C03783,Q2 High-Value Win-Back,2025-04-15,1
C02427,Q2 High-Value Win-Back,2025-04-15,0
C04013,Q2 High-Value Win-Back,2025-04-15,0
C02293,Q2 High-Value Win-Back,2025-04-15,0
C00073,Q2 High-Value Win-Back,2025-04-15,0
C03729,Q2 High-Value Win-Back,2025-04-15,0
C03866,Q2 High-Value Win-Back,2025-04-15,0
C01095,Q2 High-Value Win-Back,2025-04-15,0
C01072,Q2 High-Value Win-Back,2025-04-15,1
C03847,Q2 High-Value Win-Back,2025-04-15,1
C01015,Q2 High-Value Win-Back,2025-04-15,0
C01187,Q2 High-Value Win-Back,2025-04-15,1
C00783,Q2 High-Value Win-Back,2025-04-15,0
C02423,Q2 High-Value Win-Back,2025-04-15,1
C02131,Q2 High-Value Win-Back,2025-04-15,1
C02500,Q2 High-Value Win-Back,2025-04-15,0
C00181,Q2 High-Value Win-Back,2025-04-15,0
C01344,Q2 High-Value Win-Back,2025-04-15,0
C02328,Q2 High-Value Win-Back,2025-04-15,0
C02153,Q2 High-Value Win-Back,2025-04-15,0
C02055,Q2 High-Value Win-Back,2025-04-15,0
C03082,Q2 High-Value Win-Back,2025-04-15,1
C04347,Q2 High-Value Win-Back,2025-04-15,0
C01575,Q2 High-Value Win-Back,2025-04-15,0
C02170,Q2 High-Value Win-Back,2025-04-15,0
C02410,Q2 High-Value Win-Back,2025-04-15,0
C01805,Q2 High-Value Win-Back,2025-04-15,1
C04498,Q2 High-Value Win-Back,2025-04-15,0
C04113,Q2 High-Value Win-Back,2025-04-15,0
C01599,Q2 High-Value Win-Back,2025-04-15,0
C03814,Q2 High-Value Win-Back,2025-04-15,1
C02420,Q2 High-Value Win-Back,2025-04-15,0
C03192,Q2 High-Value Win-Back,2025-04-15,0
C01529,Q2 High-Value Win-Back,2025-04-15,1
C02987,Q2 High-Value Win-Back,2025-04-15,0
C02731,Q2 High-Value Win-Back,2025-04-15,0
C02287,Q2 High-Value Win-Back,2025-04-15,0
C00044,Q2 High-Value Win-Back,2025-04-15,0
C03189,Q2 High-Value Win-Back,2025-04-15,0
C00792,Q2 High-Value Win-Back,2025-04-15,1
C03547,Q2 High-Value Win-Back,2025-04-15,0
C04416,Q2 High-Value Win-Back,2025-04-15,1
C01679,Q2 High-Value Win-Back,2025-04-15,0
C03355,Q2 High-Value Win-Back,2025-04-15,0
C01898,Q2 High-Value Win-Back,2025-04-15,0
C04312,Q2 High-Value Win-Back,2025-04-15,0
C01364,Q2 High-Value Win-Back,2025-04-15,0
C02138,Q2 High-Value Win-Back,2025-04-15,1
C03889,Q2 High-Value Win-Back,2025-04-15,0
C03853,Q2 High-Value Win-Back,2025-04-15,0
C00844,Q2 High-Value Win-Back,2025-04-15,0
C01869,Q2 High-Value Win-Back,2025-04-15,0
C02020,Q2 High-Value Win-Back,2025-04-15,0
C03507,Q2 High-Value Win-Back,2025-04-15,0
C02951,Q2 High-Value Win-Back,2025-04-15,0
C02227,Q2 High-Value Win-Back,2025-04-15,0
C01775,Q2 High-Value Win-Back,2025-04-15,0
C04182,Q2 High-Value Win-Back,2025-04-15,0
C02259,Q2 High-Value Win-Back,2025-04-15,0
C03383,Q2 High-Value Win-Back,2025-04-15,0
C00367,Q2 High-Value Win-Back,2025-04-15,0
C04179,Q2 High-Value Win-Back,2025-04-15,0
C00895,Q2 High-Value Win-Back,2025-04-15,1
C03096,Q2 High-Value Win-Back,2025-04-15,0
C00283,Q2 High-Value Win-Back,2025-04-15,0
C01546,Q2 High-Value Win-Back,2025-04-15,1
C04080,Q2 High-Value Win-Back,2025-04-15,0
C01610,Q2 High-Value Win-Back,2025-04-15,0
C01639,Q2 High-Value Win-Back,2025-04-15,0
C03966,Q2 High-Value Win-Back,2025-04-15,0
C01435,Q2 High-Value Win-Back,2025-04-15,0
C01530,Q2 High-Value Win-Back,2025-04-15,1
C03418,Q2 High-Value Win-Back,2025-04-15,0
C04343,Q2 High-Value Win-Back,2025-04-15,0
C01246,Q2 High-Value Win-Back,2025-04-15,0
C03927,Q2 High-Value Win-Back,2025-04-15,0
C02218,Q2 High-Value Win-Back,2025-04-15,0
C00428,Q2 High-Value Win-Back,2025-04-15,0
C00043,Q2 High-Value Win-Back,2025-04-15,1
C03419,Q2 High-Value Win-Back,2025-04-15,0
C03686,Q2 High-Value Win-Back,2025-04-15,1
C00786,Q2 High-Value Win-Back,2025-04-15,0
C00230,Q2 High-Value Win-Back,2025-04-15,0
C04378,Q2 High-Value Win-Back,2025-04-15,1
C01298,Q2 High-Value Win-Back,2025-04-15,0
C01059,Q2 High-Value Win-Back,2025-04-15,0
C03031,Q2 High-Value Win-Back,2025-04-15,0
C02709,Q2 High-Value Win-Back,2025-04-15,0
C04291,Q2 High-Value Win-Back,2025-04-15,0
C04129,Q2 High-Value Win-Back,2025-04-15,1
C01763,Q2 High-Value Win-Back,2025-04-15,0
C04003,Q2 High-Value Win-Back,2025-04-15,0
C00712,Q2 High-Value Win-Back,2025-04-15,1
C02269,Q2 High-Value Win-Back,2025-04-15,0
C00965,Q2 High-Value Win-Back,2025-04-15,1
C02773,Q2 High-Value Win-Back,2025-04-15,0
C02885,Q2 High-Value Win-Back,2025-04-15,1
C01680,Q2 High-Value Win-Back,2025-04-15,0
C03274,Q2 High-Value Win-Back,2025-04-15,0
C02455,Q2 High-Value Win-Back,2025-04-15,0
C03235,Q2 High-Value Win-Back,2025-04-15,0
C04248,Q2 High-Value Win-Back,2025-04-15,0
C04206,Q2 High-Value Win-Back,2025-04-15,1
C02793,Q2 High-Value Win-Back,2025-04-15,0
C01772,Q2 High-Value Win-Back,2025-04-15,0
C03291,Q2 High-Value Win-Back,2025-04-15,0
C01276,Q2 High-Value Win-Back,2025-04-15,0
C00498,Q2 High-Value Win-Back,2025-04-15,0
C00128,Q2 High-Value Win-Back,2025-04-15,0
C00866,Q2 High-Value Win-Back,2025-04-15,0
C01257,Q2 High-Value Win-Back,2025-04-15,0
C01320,Q2 High-Value Win-Back,2025-04-15,0
C01045,Q2 High-Value Win-Back,2025-04-15,0
C02393,Q2 High-Value Win-Back,2025-04-15,0
C03512,Q2 High-Value Win-Back,2025-04-15,0
C01917,Q2 High-Value Win-Back,2025-04-15,1
C02350,Q2 High-Value Win-Back,2025-04-15,0
C04107,Q2 High-Value Win-Back,2025-04-15,0
C03675,Q2 High-Value Win-Back,2025-04-15,0
C02581,Q2 High-Value Win-Back,2025-04-15,1
C03219,Q2 High-Value Win-Back,2025-04-15,0
C03422,Q2 High-Value Win-Back,2025-04-15,0
C03855,Q2 High-Value Win-Back,2025-04-15,0
C04007,Q2 High-Value Win-Back,2025-04-15,0
C00219,Q2 High-Value Win-Back,2025-04-15,0
C00142,Q2 High-Value Win-Back,2025-04-15,0
C02323,Q2 High-Value Win-Back,2025-04-15,0
C00951,Q2 High-Value Win-Back,2025-04-15,0
C00835,Q2 High-Value Win-Back,2025-04-15,1
C02347,Q2 High-Value Win-Back,2025-04-15,0
C03985,Q2 High-Value Win-Back,2025-04-15,1
C01893,Q2 High-Value Win-Back,2025-04-15,0
C02029,Q2 High-Value Win-Back,2025-04-15,0
C02406,Q2 High-Value Win-Back,2025-04-15,0
C02860,Q2 High-Value Win-Back,2025-04-15,0
C03036,Q2 High-Value Win-Back,2025-04-15,1
C02411,Q2 High-Value Win-Back,2025-04-15,0
C01491,Q2 High-Value Win-Back,2025-04-15,1
C03308,Q2 High-Value Win-Back,2025-04-15,0
C04023,Q2 High-Value Win-Back,2025-04-15,0
C01422,Q2 High-Value Win-Back,2025-04-15,1
C03894,Q2 High-Value Win-Back,2025-04-15,0
C01353,Q2 High-Value Win-Back,2025-04-15,0
C00947,Q2 High-Value Win-Back,2025-04-15,0
C01492,Q2 High-Value Win-Back,2025-04-15,0
C00577,Q2 High-Value Win-Back,2025-04-15,0
C01318,Q2 High-Value Win-Back,2025-04-15,1
C01088,Q2 High-Value Win-Back,2025-04-15,0
C00201,Q2 High-Value Win-Back,2025-04-15,1
C03101,Q2 High-Value Win-Back,2025-04-15,0
C00234,Q2 High-Value Win-Back,2025-04-15,1
C02495,Q2 High-Value Win-Back,2025-04-15,0
C01998,Q2 High-Value Win-Back,2025-04-15,1
C01523,Q2 High-Value Win-Back,2025-04-15,0
C00396,Q2 High-Value Win-Back,2025-04-15,0
C02750,Q2 High-Value Win-Back,2025-04-15,1
C01189,Q2 High-Value Win-Back,2025-04-15,0
C03182,Q2 High-Value Win-Back,2025-04-15,0
C00503,Q2 High-Value Win-Back,2025-04-15,1
C02390,Q2 High-Value Win-Back,2025-04-15,0
C02315,Q2 High-Value Win-Back,2025-04-15,0
C02767,Q2 High-Value Win-Back,2025-04-15,0
C03860,Q2 High-Value Win-Back,2025-04-15,1
C00731,Q2 High-Value Win-Back,2025-04-15,1
C01451,Q2 High-Value Win-Back,2025-04-15,0
C02732,Q2 High-Value Win-Back,2025-04-15,0
C03781,Q2 High-Value Win-Back,2025-04-15,0
C03721,Q2 High-Value Win-Back,2025-04-15,0
C04292,Q2 High-Value Win-Back,2025-04-15,0
C01188,Q2 High-Value Win-Back,2025-04-15,0
C02167,Q2 High-Value Win-Back,2025-04-15,0
C03326,Q2 High-Value Win-Back,2025-04-15,0
C02412,Q2 High-Value Win-Back,2025-04-15,0
C04256,Q2 High-Value Win-Back,2025-04-15,0
C02645,Q2 High-Value Win-Back,2025-04-15,0
C00482,Q2 High-Value Win-Back,2025-04-15,0
C00295,Q2 High-Value Win-Back,2025-04-15,0
C01124,Q2 High-Value Win-Back,2025-04-15,1
C00119,Q2 High-Value Win-Back,2025-04-15,0
C03821,Q2 High-Value Win-Back,2025-04-15,0
C04130,Q2 High-Value Win-Back,2025-04-15,0
C03295,Q2 High-Value Win-Back,2025-04-15,0
C03931,Q2 High-Value Win-Back,2025-04-15,0
C00110,Q2 High-Value Win-Back,2025-04-15,0
C02111,Q2 High-Value Win-Back,2025-04-15,0
C01656,Q2 High-Value Win-Back,2025-04-15,0
C02697,Q2 High-Value Win-Back,2025-04-15,0
C00479,Q2 High-Value Win-Back,2025-04-15,1
C02580,Q2 High-Value Win-Back,2025-04-15,0
C00652,Q2 High-Value Win-Back,2025-04-15,1
C03703,Q2 High-Value Win-Back,2025-04-15,0
C02896,Q2 High-Value Win-Back,2025-04-15,0
C01233,Q2 High-Value Win-Back,2025-04-15,0
C04367,Q2 High-Value Win-Back,2025-04-15,0
C00826,Q2 High-Value Win-Back,2025-04-15,0
C03971,Q2 High-Value Win-Back,2025-04-15,0
C03540,Q2 High-Value Win-Back,2025-04-15,0
C01667,Q2 High-Value Win-Back,2025-04-15,0
C03119,Q2 High-Value Win-Back,2025-04-15,0
C01378,Q2 High-Value Win-Back,2025-04-15,0
C00324,Q2 High-Value Win-Back,2025-04-15,0
C01108,Q2 High-Value Win-Back,2025-04-15,0
C03651,Q2 High-Value Win-Back,2025-04-15,0
C02337,Q2 High-Value Win-Back,2025-04-15,0
C01424,Q2 High-Value Win-Back,2025-04-15,0
C02909,Q2 High-Value Win-Back,2025-04-15,0
C04021,Q2 High-Value Win-Back,2025-04-15,0
C02030,Q2 High-Value Win-Back,2025-04-15,0
C03221,Q2 High-Value Win-Back,2025-04-15,0
C04395,Q2 High-Value Win-Back,2025-04-15,0
C01578,Q2 High-Value Win-Back,2025-04-15,1
C00106,Q2 High-Value Win-Back,2025-04-15,0
C03854,Q2 High-Value Win-Back,2025-04-15,0
C02957,Q2 High-Value Win-Back,2025-04-15,0
C01184,Q2 High-Value Win-Back,2025-04-15,0
C01421,Q2 High-Value Win-Back,2025-04-15,0
C01936,Q2 High-Value Win-Back,2025-04-15,0
C03018,Q2 High-Value Win-Back,2025-04-15,1
C02771,Q2 High-Value Win-Back,2025-04-15,0
C03804,Q2 High-Value Win-Back,2025-04-15,0
C00376,Q2 High-Value Win-Back,2025-04-15,1
C01749,Q2 High-Value Win-Back,2025-04-15,0
C00746,Q2 High-Value Win-Back,2025-04-15,0
C02899,Q2 High-Value Win-Back,2025-04-15,0
C03294,Q2 High-Value Win-Back,2025-04-15,1
C02939,Q2 High-Value Win-Back,2025-04-15,0
C02541,Q2 High-Value Win-Back,2025-04-15,0
C03060,Q2 High-Value Win-Back,2025-04-15,1
C01569,Q2 High-Value Win-Back,2025-04-15,0
C04313,Q2 High-Value Win-Back,2025-04-15,1
C00129,Q2 High-Value Win-Back,2025-04-15,1
C03242,Q2 High-Value Win-Back,2025-04-15,0
C01786,Q2 High-Value Win-Back,2025-04-15,0
C00506,Q2 High-Value Win-Back,2025-04-15,0
C03829,Q2 High-Value Win-Back,2025-04-15,0
C03992,Q2 High-Value Win-Back,2025-04-15,0
C03310,Q2 High-Value Win-Back,2025-04-15,0
C01784,Q2 High-Value Win-Back,2025-04-15,0
C01051,Q2 High-Value Win-Back,2025-04-15,0
C04050,Q2 High-Value Win-Back,2025-04-15,1
C04325,Q2 High-Value Win-Back,2025-04-15,1
C02334,Q2 High-Value Win-Back,2025-04-15,0
C00598,Q2 High-Value Win-Back,2025-04-15,0
C00520,Q2 High-Value Win-Back,2025-04-15,0
C01473,Q2 High-Value Win-Back,2025-04-15,0
C01760,Q2 High-Value Win-Back,2025-04-15,1
C00945,Q2 High-Value Win-Back,2025-04-15,0
C04349,Q2 High-Value Win-Back,2025-04-15,0
C02052,Q2 High-Value Win-Back,2025-04-15,1
C04241,Q2 High-Value Win-Back,2025-04-15,0
C01567,Q2 High-Value Win-Back,2025-04-15,0
C01963,Q2 High-Value Win-Back,2025-04-15,1
C02655,Q2 High-Value Win-Back,2025-04-15,0
C01506,Q2 High-Value Win-Back,2025-04-15,0
C00109,Q2 High-Value Win-Back,2025-04-15,0
C00209,Q2 High-Value Win-Back,2025-04-15,0
C03206,Q2 High-Value Win-Back,2025-04-15,0
C03438,Q2 High-Value Win-Back,2025-04-15,0
C03139,Q2 High-Value Win-Back,2025-04-15,0
C01461,Q2 High-Value Win-Back,2025-04-15,0
C01674,Q2 High-Value Win-Back,2025-04-15,0
C01470,Q2 High-Value Win-Back,2025-04-15,0
C01120,Q2 High-Value Win-Back,2025-04-15,0
C03880,Q2 High-Value Win-Back,2025-04-15,0
C03395,Q2 High-Value Win-Back,2025-04-15,0
C02795,Q2 High-Value Win-Back,2025-04-15,1
C01940,Q2 High-Value Win-Back,2025-04-15,0
C01042,Q2 High-Value Win-Back,2025-04-15,0
C00827,Q2 High-Value Win-Back,2025-04-15,0
C00552,Q2 High-Value Win-Back,2025-04-15,1
C03568,Q2 High-Value Win-Back,2025-04-15,0
C00593,Q2 High-Value Win-Back,2025-04-15,0
C01693,Q2 High-Value Win-Back,2025-04-15,0
C01507,Q2 High-Value Win-Back,2025-04-15,1
C00497,Q2 High-Value Win-Back,2025-04-15,0
C00780,Q2 High-Value Win-Back,2025-04-15,0
C03875,Q2 High-Value Win-Back,2025-04-15,0
C01934,Q2 High-Value Win-Back,2025-04-15,0
C01919,Q2 High-Value Win-Back,2025-04-15,0
C01118,Q2 High-Value Win-Back,2025-04-15,0
C02276,Q2 High-Value Win-Back,2025-04-15,1
C01211,Q2 High-Value Win-Back,2025-04-15,0
C02438,Q2 High-Value Win-Back,2025-04-15,1
C01372,Q2 High-Value Win-Back,2025-04-15,0
C02888,Q2 High-Value Win-Back,2025-04-15,0
C02526,Q2 High-Value Win-Back,2025-04-15,0
C00798,Q2 High-Value Win-Back,2025-04-15,0
C01482,Q2 High-Value Win-Back,2025-04-15,0
C02916,Q2 High-Value Win-Back,2025-04-15,0
C03967,Q2 High-Value Win-Back,2025-04-15,0
C00617,Q2 High-Value Win-Back,2025-04-15,0
C00823,Q2 High-Value Win-Back,2025-04-15,0
C02998,Q2 High-Value Win-Back,2025-04-15,0
C01814,Q2 High-Value Win-Back,2025-04-15,0
C02530,Q2 High-Value Win-Back,2025-04-15,0
C00193,Q2 High-Value Win-Back,2025-04-15,0
C02161,Q2 High-Value Win-Back,2025-04-15,0
C04462,Q2 High-Value Win-Back,2025-04-15,0
C03315,Q2 High-Value Win-Back,2025-04-15,1
C00383,Q2 High-Value Win-Back,2025-04-15,0
C02404,Q2 High-Value Win-Back,2025-04-15,1
C01456,Q2 High-Value Win-Back,2025-04-15,0
C04471,Q2 High-Value Win-Back,2025-04-15,1
C03360,Q2 High-Value Win-Back,2025-04-15,1
C02140,Q2 High-Value Win-Back,2025-04-15,0
C02807,Q2 High-Value Win-Back,2025-04-15,0
C00934,Q2 High-Value Win-Back,2025-04-15,1
C03801,Q2 High-Value Win-Back,2025-04-15,1
C01496,Q2 High-Value Win-Back,2025-04-15,0
C02066,Q2 High-Value Win-Back,2025-04-15,0
C03154,Q2 High-Value Win-Back,2025-04-15,0
C00492,Q2 High-Value Win-Back,2025-04-15,0
C03004,Q2 High-Value Win-Back,2025-04-15,0
C04069,Q2 High-Value Win-Back,2025-04-15,0
C03303,Q2 High-Value Win-Back,2025-04-15,0
C00573,Q2 High-Value Win-Back,2025-04-15,0
C04303,Q2 High-Value Win-Back,2025-04-15,0
C02321,Q2 High-Value Win-Back,2025-04-15,0
C00400,Q2 High-Value Win-Back,2025-04-15,1
C01948,Q2 High-Value Win-Back,2025-04-15,0
C01360,Q2 High-Value Win-Back,2025-04-15,0
C02508,Q2 High-Value Win-Back,2025-04-15,1
C03904,Q2 High-Value Win-Back,2025-04-15,0
C01329,Q2 High-Value Win-Back,2025-04-15,1
C03899,Q2 High-Value Win-Back,2025-04-15,0
C03494,Q2 High-Value Win-Back,2025-04-15,0
C00721,Q2 High-Value Win-Back,2025-04-15,0
C01065,Q2 High-Value Win-Back,2025-04-15,0
C03820,Q2 High-Value Win-Back,2025-04-15,1
C03385,Q2 High-Value Win-Back,2025-04-15,1
C01561,Q2 High-Value Win-Back,2025-04-15,0
C00515,Q2 High-Value Win-Back,2025-04-15,0
C00450,Q2 High-Value Win-Back,2025-04-15,0
C01203,Q2 High-Value Win-Back,2025-04-15,0
C04236,Q2 High-Value Win-Back,2025-04-15,1
C04333,Q2 High-Value Win-Back,2025-04-15,0
C00522,Q2 High-Value Win-Back,2025-04-15,0
C02512,Q2 High-Value Win-Back,2025-04-15,1
C00901,Q2 High-Value Win-Back,2025-04-15,0
C02063,Q2 High-Value Win-Back,2025-04-15,0
C03085,Q2 High-Value Win-Back,2025-04-15,0
C01796,Q2 High-Value Win-Back,2025-04-15,0
C02711,Q2 High-Value Win-Back,2025-04-15,0
C01206,Q2 High-Value Win-Back,2025-04-15,0
C04190,Q2 High-Value Win-Back,2025-04-15,1
C01657,Q2 High-Value Win-Back,2025-04-15,1
C00845,Q2 High-Value Win-Back,2025-04-15,0
C02805,Q2 High-Value Win-Back,2025-04-15,0
C01040,Q2 High-Value Win-Back,2025-04-15,0
C00869,Q2 High-Value Win-Back,2025-04-15,0
C03882,Q2 High-Value Win-Back,2025-04-15,0
C03976,Q2 High-Value Win-Back,2025-04-15,1
C00936,Q2 High-Value Win-Back,2025-04-15,0
C02633,Q2 High-Value Win-Back,2025-04-15,1
C01346,Q2 High-Value Win-Back,2025-04-15,1
C03798,Q2 High-Value Win-Back,2025-04-15,0
C01990,Q2 High-Value Win-Back,2025-04-15,0
C01190,Q2 High-Value Win-Back,2025-04-15,0
C04415,Q2 High-Value Win-Back,2025-04-15,1
C00227,Q2 High-Value Win-Back,2025-04-15,1
C01663,Q2 High-Value Win-Back,2025-04-15,0
C04092,Q2 High-Value Win-Back,2025-04-15,0
C04161,Q2 High-Value Win-Back,2025-04-15,0
C02095,Q2 High-Value Win-Back,2025-04-15,0
C03901,Q2 High-Value Win-Back,2025-04-15,0
C04355,Q2 High-Value Win-Back,2025-04-15,0
C00885,Q2 High-Value Win-Back,2025-04-15,0
C04330,Q2 High-Value Win-Back,2025-04-15,1
C01618,Q2 High-Value Win-Back,2025-04-15,1
C01200,Q2 High-Value Win-Back,2025-04-15,1
C01475,Q2 High-Value Win-Back,2025-04-15,0
C03493,Q2 High-Value Win-Back,2025-04-15,0
C02803,Q2 High-Value Win-Back,2025-04-15,1
C01368,Q2 High-Value Win-Back,2025-04-15,0
C04327,Q2 High-Value Win-Back,2025-04-15,0
C01750,Q2 High-Value Win-Back,2025-04-15,0
C00916,Q2 High-Value Win-Back,2025-04-15,0
C00706,Q2 High-Value Win-Back,2025-04-15,0
C03868,Q2 High-Value Win-Back,2025-04-15,0
C02106,Q2 High-Value Win-Back,2025-04-15,0
C03304,Q2 High-Value Win-Back,2025-04-15,0
C02036,Q2 High-Value Win-Back,2025-04-15,0
C03942,Q2 High-Value Win-Back,2025-04-15,0
C00846,Q2 High-Value Win-Back,2025-04-15,0
C03412,Q2 High-Value Win-Back,2025-04-15,0
C03554,Q2 High-Value Win-Back,2025-04-15,1
C02053,Q2 High-Value Win-Back,2025-04-15,0
C00118,Q2 High-Value Win-Back,2025-04-15,0
C00077,Q2 High-Value Win-Back,2025-04-15,0
C03620,Q2 High-Value Win-Back,2025-04-15,1
C01754,Q2 High-Value Win-Back,2025-04-15,0
C03544,Q2 High-Value Win-Back,2025-04-15,0
C02205,Q2 High-Value Win-Back,2025-04-15,1
C02942,Q2 High-Value Win-Back,2025-04-15,1
C04104,Q2 High-Value Win-Back,2025-04-15,0
C01783,Q2 High-Value Win-Back,2025-04-15,0
C03232,Q2 High-Value Win-Back,2025-04-15,1
C04342,Q2 High-Value Win-Back,2025-04-15,0
C03726,Q2 High-Value Win-Back,2025-04-15,1
C03598,Q2 High-Value Win-Back,2025-04-15,0
C00551,Q2 High-Value Win-Back,2025-04-15,0
C02363,Q2 High-Value Win-Back,2025-04-15,0
C02102,Q2 High-Value Win-Back,2025-04-15,0
C02306,Q2 High-Value Win-Back,2025-04-15,1
C01354,Q2 High-Value Win-Back,2025-04-15,0
C02883,Q2 High-Value Win-Back,2025-04-15,0
C02676,Q2 High-Value Win-Back,2025-04-15,0
C00924,Q2 High-Value Win-Back,2025-04-15,0
C03287,Q2 High-Value Win-Back,2025-04-15,0
C03120,Q2 High-Value Win-Back,2025-04-15,0
C00686,Q2 High-Value Win-Back,2025-04-15,0
C02215,Q2 High-Value Win-Back,2025-04-15,0
C00354,Q2 High-Value Win-Back,2025-04-15,0
C01061,Q2 High-Value Win-Back,2025-04-15,1
C01564,Q2 High-Value Win-Back,2025-04-15,1
C03913,Q2 High-Value Win-Back,2025-04-15,0
C02234,Q2 High-Value Win-Back,2025-04-15,0
C02120,Q2 High-Value Win-Back,2025-04-15,1
C02271,Q2 High-Value Win-Back,2025-04-15,0
C04297,Q2 High-Value Win-Back,2025-04-15,1
C02940,Q2 High-Value Win-Back,2025-04-15,0
C01613,Q2 High-Value Win-Back,2025-04-15,0
C01177,Q2 High-Value Win-Back,2025-04-15,0
C03905,Q2 High-Value Win-Back,2025-04-15,0
C01799,Q2 High-Value Win-Back,2025-04-15,0
C02195,Q2 High-Value Win-Back,2025-04-15,1
C02747,Q2 High-Value Win-Back,2025-04-15,0
C00662,Q2 High-Value Win-Back,2025-04-15,1
C03920,Q2 High-Value Win-Back,2025-04-15,0
C01140,Q2 High-Value Win-Back,2025-04-15,0
C03772,Q2 High-Value Win-Back,2025-04-15,0
C03489,Q2 High-Value Win-Back,2025-04-15,0
C03837,Q2 High-Value Win-Back,2025-04-15,0
C01380,Q2 High-Value Win-Back,2025-04-15,0
C02196,Q2 High-Value Win-Back,2025-04-15,0
C00196,Q2 High-Value Win-Back,2025-04-15,0
C02618,Q2 High-Value Win-Back,2025-04-15,0
C02729,Q2 High-Value Win-Back,2025-04-15,0
C03163,Q2 High-Value Win-Back,2025-04-15,0
C02241,Q2 High-Value Win-Back,2025-04-15,0
C02856,Q2 High-Value Win-Back,2025-04-15,0
C01792,Q2 High-Value Win-Back,2025-04-15,0
C00596,Q2 High-Value Win-Back,2025-04-15,0
C02878,Q2 High-Value Win-Back,2025-04-15,0
C02932,Q2 High-Value Win-Back,2025-04-15,0
C03260,Q2 High-Value Win-Back,2025-04-15,0
C01696,Q2 High-Value Win-Back,2025-04-15,0
C01397,Q2 High-Value Win-Back,2025-04-15,0
C02217,Q2 High-Value Win-Back,2025-04-15,1
C01560,Q2 High-Value Win-Back,2025-04-15,0
C04375,Q2 High-Value Win-Back,2025-04-15,0
C02016,Q2 High-Value Win-Back,2025-04-15,0
C04361,Q2 High-Value Win-Back,2025-04-15,0
C01714,Q2 High-Value Win-Back,2025-04-15,0
C02569,Q2 High-Value Win-Back,2025-04-15,0
C00766,Q2 High-Value Win-Back,2025-04-15,0
C00339,Q2 High-Value Win-Back,2025-04-15,0
C03403,Q2 High-Value Win-Back,2025-04-15,0
C00032,Q2 High-Value Win-Back,2025-04-15,0
C02099,Q2 High-Value Win-Back,2025-04-15,1
C00108,Q2 High-Value Win-Back,2025-04-15,1
C01363,Q2 High-Value Win-Back,2025-04-15,0
C01218,Q2 High-Value Win-Back,2025-04-15,0
C03204,Q2 High-Value Win-Back,2025-04-15,0
C03424,Q2 High-Value Win-Back,2025-04-15,0
C01831,Q2 High-Value Win-Back,2025-04-15,0
C00828,Q2 High-Value Win-Back,2025-04-15,0
C00159,Q2 High-Value Win-Back,2025-04-15,1
C03929,Q2 High-Value Win-Back,2025-04-15,0
C03089,Q2 High-Value Win-Back,2025-04-15,0
C01227,Q2 High-Value Win-Back,2025-04-15,0
C00855,Q2 High-Value Win-Back,2025-04-15,0
C02221,Q2 High-Value Win-Back,2025-04-15,1
C01947,Q2 High-Value Win-Back,2025-04-15,1
C03167,Q2 High-Value Win-Back,2025-04-15,0
C00363,Q2 High-Value Win-Back,2025-04-15,1
C02725,Q2 High-Value Win-Back,2025-04-15,0
C03148,Q2 High-Value Win-Back,2025-04-15,0
C04417,Q2 High-Value Win-Back,2025-04-15,0
C03583,Q2 High-Value Win-Back,2025-04-15,0
C01587,Q2 High-Value Win-Back,2025-04-15,0
C00453,Q2 High-Value Win-Back,2025-04-15,0
C00419,Q2 High-Value Win-Back,2025-04-15,0
C04234,Q2 High-Value Win-Back,2025-04-15,0
C04450,Q2 High-Value Win-Back,2025-04-15,0
C00751,Q2 High-Value Win-Back,2025-04-15,0
C02763,Q2 High-Value Win-Back,2025-04-15,0
C03508,Q2 High-Value Win-Back,2025-04-15,0
C00072,Q2 High-Value Win-Back,2025-04-15,1
C03114,Q2 High-Value Win-Back,2025-04-15,1
C01043,Q2 High-Value Win-Back,2025-04-15,1
C01834,Q2 High-Value Win-Back,2025-04-15,0
C01695,Q2 High-Value Win-Back,2025-04-15,0
C03839,Q2 High-Value Win-Back,2025-04-15,0
C03289,Q2 High-Value Win-Back,2025-04-15,1
C00647,Q2 High-Value Win-Back,2025-04-15,0
C02308,Q2 High-Value Win-Back,2025-04-15,1
C03055,Q2 High-Value Win-Back,2025-04-15,0
C03035,Q2 High-Value Win-Back,2025-04-15,0
C00069,Q2 High-Value Win-Back,2025-04-15,1
C03916,Q2 High-Value Win-Back,2025-04-15,1
C00013,Q2 High-Value Win-Back,2025-04-15,1
C01313,Q2 High-Value Win-Back,2025-04-15,0
C01465,Q2 High-Value Win-Back,2025-04-15,0
C00556,Q2 High-Value Win-Back,2025-04-15,0
C01915,Q2 High-Value Win-Back,2025-04-15,0
C02096,Q2 High-Value Win-Back,2025-04-15,0
C01216,Q2 High-Value Win-Back,2025-04-15,0
C03700,Q2 High-Value Win-Back,2025-04-15,0
C02610,Q2 High-Value Win-Back,2025-04-15,0
C02003,Q2 High-Value Win-Back,2025-04-15,1
C00888,Q2 High-Value Win-Back,2025-04-15,0
C02686,Q2 High-Value Win-Back,2025-04-15,0
C00132,Q2 High-Value Win-Back,2025-04-15,1
C03856,Q2 High-Value Win-Back,2025-04-15,0
C02947,Q2 High-Value Win-Back,2025-04-15,0
C03980,Q2 High-Value Win-Back,2025-04-15,1
C02616,Q2 High-Value Win-Back,2025-04-15,0
C04174,Q2 High-Value Win-Back,2025-04-15,1
C00332,Q2 High-Value Win-Back,2025-04-15,0
C04157,Q2 High-Value Win-Back,2025-04-15,0
C03077,Q2 High-Value Win-Back,2025-04-15,0
C00380,Q2 High-Value Win-Back,2025-04-15,0
C02060,Q2 High-Value Win-Back,2025-04-15,0
C03313,Q2 High-Value Win-Back,2025-04-15,1
C03881,Q2 High-Value Win-Back,2025-04-15,0
C02479,Q2 High-Value Win-Back,2025-04-15,0
C02182,Q2 High-Value Win-Back,2025-04-15,0
C00612,Q2 High-Value Win-Back,2025-04-15,0
C04100,Q2 High-Value Win-Back,2025-04-15,0
C04124,Q2 High-Value Win-Back,2025-04-15,0
C00889,Q2 High-Value Win-Back,2025-04-15,1
C03309,Q2 High-Value Win-Back,2025-04-15,1
C01105,Q2 High-Value Win-Back,2025-04-15,0
C00475,Q2 High-Value Win-Back,2025-04-15,0
C03595,Q2 High-Value Win-Back,2025-04-15,0
C02764,Q2 High-Value Win-Back,2025-04-15,1
C04119,Q2 High-Value Win-Back,2025-04-15,0
C02110,Q2 High-Value Win-Back,2025-04-15,1
C02986,Q2 High-Value Win-Back,2025-04-15,0
C02624,Q2 High-Value Win-Back,2025-04-15,1
C01386,Q2 High-Value Win-Back,2025-04-15,0
C02975,Q2 High-Value Win-Back,2025-04-15,0
C01808,Q2 High-Value Win-Back,2025-04-15,0
C01884,Q2 High-Value Win-Back,2025-04-15,1
C00165,Q2 High-Value Win-Back,2025-04-15,0
C04411,Q2 High-Value Win-Back,2025-04-15,0
C01026,Q2 High-Value Win-Back,2025-04-15,0
C03272,Q2 High-Value Win-Back,2025-04-15,0
C00281,Q2 High-Value Win-Back,2025-04-15,0
C00454,Q2 High-Value Win-Back,2025-04-15,0
C02670,Q2 High-Value Win-Back,2025-04-15,0
C02694,Q2 High-Value Win-Back,2025-04-15,0
C01110,Q2 High-Value Win-Back,2025-04-15,0
C00630,Q2 High-Value Win-Back,2025-04-15,0
C01307,Q2 High-Value Win-Back,2025-04-15,0
C00610,Q2 High-Value Win-Back,2025-04-15,1
C02682,Q2 High-Value Win-Back,2025-04-15,0
C03936,Q2 High-Value Win-Back,2025-04-15,0
C01801,Q2 High-Value Win-Back,2025-04-15,0
C01332,Q2 High-Value Win-Back,2025-04-15,0
C02983,Q2 High-Value Win-Back,2025-04-15,0
C04354,Q2 High-Value Win-Back,2025-04-15,0
C03413,Q2 High-Value Win-Back,2025-04-15,0
C00918,Q2 High-Value Win-Back,2025-04-15,0
C00262,Q2 High-Value Win-Back,2025-04-15,0
C01352,Q2 High-Value Win-Back,2025-04-15,0
C02210,Q2 High-Value Win-Back,2025-04-15,0
C01682,Q2 High-Value Win-Back,2025-04-15,0
C02310,Q2 High-Value Win-Back,2025-04-15,0
C00881,Q2 High-Value Win-Back,2025-04-15,1
C00105,Q2 High-Value Win-Back,2025-04-15,0
C04091,Q2 High-Value Win-Back,2025-04-15,0
C02281,Q2 High-Value Win-Back,2025-04-15,0
C03468,Q2 High-Value Win-Back,2025-04-15,1
C01723,Q2 High-Value Win-Back,2025-04-15,1
C03580,Q2 High-Value Win-Back,2025-04-15,0
C02202,Q2 High-Value Win-Back,2025-04-15,0
C00382,Q2 High-Value Win-Back,2025-04-15,0
C03577,Q2 High-Value Win-Back,2025-04-15,0
C03218,Q2 High-Value Win-Back,2025-04-15,0
C03673,Q2 High-Value Win-Back,2025-04-15,0
C04393,Q2 High-Value Win-Back,2025-04-15,0
C02862,Q2 High-Value Win-Back,2025-04-15,0
C03907,Q2 High-Value Win-Back,2025-04-15,0
C04408,Q2 High-Value Win-Back,2025-04-15,0
C01541,Q2 High-Value Win-Back,2025-04-15,0
C02080,Q2 High-Value Win-Back,2025-04-15,1
C01543,Q2 High-Value Win-Back,2025-04-15,0
C03086,Q2 High-Value Win-Back,2025-04-15,1
C03535,Q2 High-Value Win-Back,2025-04-15,1
C04031,Q2 High-Value Win-Back,2025-04-15,0
C00130,Q2 High-Value Win-Back,2025-04-15,0
C03039,Q2 High-Value Win-Back,2025-04-15,0
C03524,Q2 High-Value Win-Back,2025-04-15,1
C03928,Q2 High-Value Win-Back,2025-04-15,1
C00341,Q2 High-Value Win-Back,2025-04-15,0
C02832,Q2 High-Value Win-Back,2025-04-15,0
C03138,Q2 High-Value Win-Back,2025-04-15,1
C03410,Q2 High-Value Win-Back,2025-04-15,1
C01604,Q2 High-Value Win-Back,2025-04-15,0
C01880,Q2 High-Value Win-Back,2025-04-15,0
C02818,Q2 High-Value Win-Back,2025-04-15,0
C01487,Q2 High-Value Win-Back,2025-04-15,0
C02827,Q2 High-Value Win-Back,2025-04-15,1
C04110,Q2 High-Value Win-Back,2025-04-15,0
C01199,Q2 High-Value Win-Back,2025-04-15,0
C04424,Q2 High-Value Win-Back,2025-04-15,1
C01098,Q2 High-Value Win-Back,2025-04-15,1
C04140,Q2 High-Value Win-Back,2025-04-15,0
C00131,Q2 High-Value Win-Back,2025-04-15,0
C02532,Q2 High-Value Win-Back,2025-04-15,0
C01319,Q2 High-Value Win-Back,2025-04-15,0
C00158,Q2 High-Value Win-Back,2025-04-15,0
C01226,Q2 High-Value Win-Back,2025-04-15,0
C01594,Q2 High-Value Win-Back,2025-04-15,0
C01433,Q2 High-Value Win-Back,2025-04-15,0
C02043,Q2 High-Value Win-Back,2025-04-15,1
C04189,Q2 High-Value Win-Back,2025-04-15,1
C03826,Q2 High-Value Win-Back,2025-04-15,0
C01481,Q2 High-Value Win-Back,2025-04-15,0
C01239,Q2 High-Value Win-Back,2025-04-15,0
C04431,Q2 High-Value Win-Back,2025-04-15,0
C01946,Q2 High-Value Win-Back,2025-04-15,0
C03176,Q2 High-Value Win-Back,2025-04-15,1
C00682,Q2 High-Value Win-Back,2025-04-15,0
C01601,Q2 High-Value Win-Back,2025-04-15,0
C04230,Q2 High-Value Win-Back,2025-04-15,0
C03685,Q2 High-Value Win-Back,2025-04-15,1
C00688,Q2 High-Value Win-Back,2025-04-15,0
C03222,Q2 High-Value Win-Back,2025-04-15,1
C01935,Q2 High-Value Win-Back,2025-04-15,1
C02311,Q2 High-Value Win-Back,2025-04-15,0
C02702,Q2 High-Value Win-Back,2025-04-15,0
C00084,Q2 High-Value Win-Back,2025-04-15,0
C01197,Q2 High-Value Win-Back,2025-04-15,0
C00757,Q2 High-Value Win-Back,2025-04-15,0
C02536,Q2 High-Value Win-Back,2025-04-15,0
C02466,Q2 High-Value Win-Back,2025-04-15,0
C02546,Q2 High-Value Win-Back,2025-04-15,0
C03174,Q2 High-Value Win-Back,2025-04-15,0
C00338,Q2 High-Value Win-Back,2025-04-15,0
C00659,Q2 High-Value Win-Back,2025-04-15,1
C03850,Q2 High-Value Win-Back,2025-04-15,1
C01267,Q2 High-Value Win-Back,2025-04-15,0
C01089,Q2 High-Value Win-Back,2025-04-15,1
C00311,Q2 High-Value Win-Back,2025-04-15,0
C01771,Q2 High-Value Win-Back,2025-04-15,0
C00337,Q2 High-Value Win-Back,2025-04-15,0
C02847,Q2 High-Value Win-Back,2025-04-15,0
C03771,Q2 High-Value Win-Back,2025-04-15,0
C00614,Q2 High-Value Win-Back,2025-04-15,0
C04371,Q2 High-Value Win-Back,2025-04-15,1
C01002,Q2 High-Value Win-Back,2025-04-15,1
C01703,Q2 High-Value Win-Back,2025-04-15,1
C01899,Q2 High-Value Win-Back,2025-04-15,0
C02894,Q2 High-Value Win-Back,2025-04-15,0
C04118,Q2 High-Value Win-Back,2025-04-15,0
C01850,Q2 High-Value Win-Back,2025-04-15,0
C03417,Q2 High-Value Win-Back,2025-04-15,0
C00314,Q2 High-Value Win-Back,2025-04-15,0
C00769,Q2 High-Value Win-Back,2025-04-15,0
C01822,Q2 High-Value Win-Back,2025-04-15,0
C01565,Q2 High-Value Win-Back,2025-04-15,1
C03226,Q2 High-Value Win-Back,2025-04-15,0
C00600,Q2 High-Value Win-Back,2025-04-15,0
C01489,Q2 High-Value Win-Back,2025-04-15,0
C03594,Q2 High-Value Win-Back,2025-04-15,0
C00777,Q2 High-Value Win-Back,2025-04-15,0
C03710,Q2 High-Value Win-Back,2025-04-15,1
C03659,Q2 High-Value Win-Back,2025-04-15,0
C04054,Q2 High-Value Win-Back,2025-04-15,1
C00087,Q2 High-Value Win-Back,2025-04-15,0
C03302,Q2 High-Value Win-Back,2025-04-15,0
C03963,Q2 High-Value Win-Back,2025-04-15,0
C02659,Q2 High-Value Win-Back,2025-04-15,1
C00438,Q2 High-Value Win-Back,2025-04-15,0
C02506,Q2 High-Value Win-Back,2025-04-15,1
C02876,Q2 High-Value Win-Back,2025-04-15,1
C03873,Q2 High-Value Win-Back,2025-04-15,0
C00278,Q2 High-Value Win-Back,2025-04-15,0
C01327,Q2 High-Value Win-Back,2025-04-15,0
C00743,Q2 High-Value Win-Back,2025-04-15,0
C00007,Q2 High-Value Win-Back,2025-04-15,1
C00913,Q2 High-Value Win-Back,2025-04-15,0
C00672,Q2 High-Value Win-Back,2025-04-15,1
C01809,Q2 High-Value Win-Back,2025-04-15,0
C02752,Q2 High-Value Win-Back,2025-04-15,1
C03488,Q2 High-Value Win-Back,2025-04-15,1
C02034,Q2 High-Value Win-Back,2025-04-15,0
C02123,Q2 High-Value Win-Back,2025-04-15,0
C01690,Q2 High-Value Win-Back,2025-04-15,0
C03681,Q2 High-Value Win-Back,2025-04-15,0
C01271,Q2 High-Value Win-Back,2025-04-15,1
C00325,Q2 High-Value Win-Back,2025-04-15,0
C00476,Q2 High-Value Win-Back,2025-04-15,0
C02103,Q2 High-Value Win-Back,2025-04-15,0
C03116,Q2 High-Value Win-Back,2025-04-15,0
C01525,Q2 High-Value Win-Back,2025-04-15,1
C01661,Q2 High-Value Win-Back,2025-04-15,1
C02493,Q2 High-Value Win-Back,2025-04-15,0
C04075,Q2 High-Value Win-Back,2025-04-15,0
C01825,Q2 High-Value Win-Back,2025-04-15,0
C02695,Q2 High-Value Win-Back,2025-04-15,0
C03460,Q2 High-Value Win-Back,2025-04-15,1
C01807,Q2 High-Value Win-Back,2025-04-15,1
C00645,Q2 High-Value Win-Back,2025-04-15,0
C03382,Q2 High-Value Win-Back,2025-04-15,1
C01399,Q2 High-Value Win-Back,2025-04-15,0
C02660,Q2 High-Value Win-Back,2025-04-15,0
C04184,Q2 High-Value Win-Back,2025-04-15,1
C04051,Q2 High-Value Win-Back,2025-04-15,0
C00405,Q2 High-Value Win-Back,2025-04-15,1
C00501,Q2 High-Value Win-Back,2025-04-15,1
C03585,Q2 High-Value Win-Back,2025-04-15,0
C00420,Q2 High-Value Win-Back,2025-04-15,0
C03061,Q2 High-Value Win-Back,2025-04-15,0
C00814,Q2 High-Value Win-Back,2025-04-15,0
C01619,Q2 High-Value Win-Back,2025-04-15,0
C01416,Q2 High-Value Win-Back,2025-04-15,1
C01637,Q2 High-Value Win-Back,2025-04-15,1
C04077,Q2 High-Value Win-Back,2025-04-15,0
C03140,Q2 High-Value Win-Back,2025-04-15,0
C03325,Q2 High-Value Win-Back,2025-04-15,1
C03186,Q2 High-Value Win-Back,2025-04-15,0
C01331,Q2 High-Value Win-Back,2025-04-15,0
C00800,Q2 High-Value Win-Back,2025-04-15,0
C03642,Q2 High-Value Win-Back,2025-04-15,1
C00391,Q2 High-Value Win-Back,2025-04-15,0
C01728,Q2 High-Value Win-Back,2025-04-15,1
C03175,Q2 High-Value Win-Back,2025-04-15,1
C02184,Q2 High-Value Win-Back,2025-04-15,0
C03059,Q2 High-Value Win-Back,2025-04-15,0
C01431,Q2 High-Value Win-Back,2025-04-15,0
C03895,Q2 High-Value Win-Back,2025-04-15,0
C00999,Q2 High-Value Win-Back,2025-04-15,0
C04191,Q2 High-Value Win-Back,2025-04-15,0
C00702,Q2 High-Value Win-Back,2025-04-15,0
C04196,Q2 High-Value Win-Back,2025-04-15,1
C00187,Q2 High-Value Win-Back,2025-04-15,0
C01359,Q2 High-Value Win-Back,2025-04-15,0
C01454,Q2 High-Value Win-Back,2025-04-15,0
C00982,Q2 High-Value Win-Back,2025-04-15,0
C01989,Q2 High-Value Win-Back,2025-04-15,0
C02726,Q2 High-Value Win-Back,2025-04-15,0
C04353,Q2 High-Value Win-Back,2025-04-15,0
C01945,Q2 High-Value Win-Back,2025-04-15,0
C02933,Q2 High-Value Win-Back,2025-04-15,0
C03264,Q2 High-Value Win-Back,2025-04-15,0
C03249,Q2 High-Value Win-Back,2025-04-15,0
